quando	id	nome	ferramenta	job	status
2026-10-01T03:10:52.024Z	PXL-001	hit_a	create_image_pixen	419fa2e3-68db-478d-a448-fb8c0fa2632e	disparado
2026-10-01T03:11:20.308Z	PXL-001	hit_a	-	419fa2e3-68db-478d-a448-fb8c0fa2632e	ok 1 img 28s
2026-10-01T03:11:44.233Z	PXL-001	hit_a_anim	animate_image	5b3955ee-c672-4036-83bc-3da9deae7c17	disparado
2026-10-01T03:13:24.757Z	PXL-001	hit_a_anim	-	5b3955ee-c672-4036-83bc-3da9deae7c17	ok 4 img 101s
2026-10-01T03:13:59.715Z	PXL-003	block_a	create_image_pixen	31f08806-e700-4b5a-8cc6-43cd4f23e25b	disparado
2026-10-01T03:13:59.760Z	PXL-004	death_a	create_image_pixen	a1a019cd-4d9a-4d53-bfc7-34478ac883bc	disparado
2026-10-01T03:13:59.880Z	PXL-006	arrowhit_a	create_image_pixen	5cbd5bcc-209a-4aec-b898-617534fd30c4	disparado
2026-10-01T03:14:00.827Z	PXL-007	collect_a	create_image_pixen	c99a52ef-ea21-4bd8-9fa0-3dbbb64e3367	disparado
2026-10-01T03:14:01.088Z	PXL-002	slash_a	create_image_pixen	d943b6d5-651a-441f-a2c9-1f5779f5bbc4	disparado
2026-10-01T03:14:39.318Z	PXL-007	collect_a	-	c99a52ef-ea21-4bd8-9fa0-3dbbb64e3367	ok 1 img 38s
2026-10-01T03:14:48.890Z	PXL-006	arrowhit_a	-	5cbd5bcc-209a-4aec-b898-617534fd30c4	ok 1 img 49s
2026-10-01T03:14:59.567Z	PXL-003	block_a	-	31f08806-e700-4b5a-8cc6-43cd4f23e25b	ok 1 img 60s
2026-10-01T03:15:35.744Z	PXL-002	slash_a	-	d943b6d5-651a-441f-a2c9-1f5779f5bbc4	ok 1 img 95s
2026-10-01T03:16:49.142Z	PXL-004	death_a	-	a1a019cd-4d9a-4d53-bfc7-34478ac883bc	ok 1 img 169s
2026-10-01T03:17:11.856Z	PXL-006	arrowhit_b	create_image_pixen	de132a3a-fc9c-47c0-a8a8-6f5ba40da7b9	disparado
2026-10-01T03:17:12.009Z	PXL-003	block_b	create_image_pixen	99c1af14-1491-45b2-925d-42ad0ecbe54b	disparado
2026-10-01T03:18:11.915Z	PXL-003	block_b	-	99c1af14-1491-45b2-925d-42ad0ecbe54b	ok 1 img 60s
2026-10-01T03:18:24.815Z	PXL-006	arrowhit_b	-	de132a3a-fc9c-47c0-a8a8-6f5ba40da7b9	ok 1 img 73s
2026-10-01T03:18:39.037Z	PXL-006	arrowhit_c	create_image_pixen	4de43785-38bb-4328-8596-a5d90218c7ef	disparado
2026-10-01T03:19:34.232Z	PXL-006	arrowhit_c	-	4de43785-38bb-4328-8596-a5d90218c7ef	ok 1 img 55s
2026-10-01T03:20:04.512Z	PXL-006	arrowhit_anim	animate_image	6ea92168-cd65-42e8-aed3-9f809a7c7f83	disparado
2026-10-01T03:20:04.694Z	PXL-003	block_anim	animate_image	91d4869d-f94b-4318-855b-bb367ad54e9f	disparado
2026-10-01T03:20:04.741Z	PXL-004	death_anim	animate_image	9117322c-e4c1-4f03-961a-f7044f4dab42	disparado
2026-10-01T03:20:04.767Z	PXL-002	slash_anim	animate_image	f353f3ce-c9e2-456b-b891-e7e919c5ba7a	disparado
2026-10-01T03:20:04.815Z	PXL-007	collect_anim	animate_image	a5682f2e-0869-4b70-a57a-6b8a986612ac	disparado
2026-10-01T03:20:04.896Z	PXL-005	dust_anim	animate_image	9d002fbc-da26-43d0-a622-13fd9ec20108	disparado
2026-10-01T03:21:52.649Z	PXL-006	arrowhit_anim	-	6ea92168-cd65-42e8-aed3-9f809a7c7f83	ok 4 img 108s
2026-10-01T03:22:47.108Z	PXL-003	block_anim	-	91d4869d-f94b-4318-855b-bb367ad54e9f	ok 4 img 162s
2026-10-01T03:22:52.291Z	PXL-004	death_anim	-	9117322c-e4c1-4f03-961a-f7044f4dab42	ok 4 img 168s
2026-10-01T03:23:04.797Z	PXL-007	collect_anim	-	a5682f2e-0869-4b70-a57a-6b8a986612ac	ok 4 img 180s
2026-10-01T03:23:57.504Z	PXL-002	slash_anim	-	f353f3ce-c9e2-456b-b891-e7e919c5ba7a	ok 4 img 233s
2026-10-01T03:24:07.236Z	PXL-005	dust_anim	-	9d002fbc-da26-43d0-a622-13fd9ec20108	ok 4 img 242s
2026-10-01T03:25:22.862Z	PXL-008	quiver_a	create_image_pixen	fa038fac-9640-4c38-8a9d-53c8ec6cce47	disparado
2026-10-01T03:26:17.591Z	PXL-008	quiver_a	-	fa038fac-9640-4c38-8a9d-53c8ec6cce47	ok 1 img 55s
2026-10-01T03:27:06.783Z	PXL-009	reunion_pro	create_image_pro	a3ccc128-6d00-470a-b326-a4876a79b3ce	disparado
2026-10-01T03:29:22.756Z	PXL-009	reunion_pro	-	a3ccc128-6d00-470a-b326-a4876a79b3ce	ok 4 img 136s
2026-10-01T03:30:16.462Z	PXL-010	bridge_a	create_image_pixen	b3f93adc-1426-496c-b44c-5a56bd82eaca	disparado
2026-10-01T03:31:05.493Z	PXL-010	bridge_a	-	b3f93adc-1426-496c-b44c-5a56bd82eaca	ok 1 img 49s
2026-10-01T03:34:13.422Z	PXL-013	ShieldJump	animate_character	908b7f60-0624-43bc-a0cd-89ad16416400	disparado
2026-10-01T03:34:19.090Z	PXL-013	ShieldFall	animate_character	908b7f60-0624-43bc-a0cd-89ad16416400	disparado
2026-10-01T03:42:32.607Z	PXL-014	altar_a	create_image_pixen	c1d83784-95c8-4632-88f3-f16ba2121b56	disparado
2026-10-01T03:43:00.754Z	PXL-014	altar_a	-	c1d83784-95c8-4632-88f3-f16ba2121b56	ok 1 img 28s
2026-10-01T03:44:08.759Z	PXL-015	cooking_fire_anim	animate_image	c808432e-1bb0-4e0d-b188-3acf40a6fdba	disparado
2026-10-01T03:44:08.849Z	PXL-015	torch_stand_anim	animate_image	cbcc7a35-3aee-434e-a7d2-c84d2bb6cd86	disparado
2026-10-01T03:44:08.968Z	PXL-015	campfire_troy_anim	animate_image	2b45aa9a-b276-4378-8c67-f339f5ee1a5b	disparado
2026-10-01T03:44:09.291Z	PXL-015	hearth_anim	animate_image	3ebf3fbe-860d-4b26-8ce2-17862aff828c	disparado
2026-10-01T03:44:09.445Z	PXL-015	brazier_anim	animate_image	78c36c55-d3e8-4105-b57d-736a6a84f2f1	disparado
2026-10-01T03:45:22.382Z	PXL-015	campfire_troy_anim	-	2b45aa9a-b276-4378-8c67-f339f5ee1a5b	ok 4 img 73s
2026-10-01T03:45:41.148Z	PXL-015	cooking_fire_anim	-	c808432e-1bb0-4e0d-b188-3acf40a6fdba	ok 4 img 92s
2026-10-01T03:46:03.077Z	PXL-015	brazier_anim	-	78c36c55-d3e8-4105-b57d-736a6a84f2f1	ok 4 img 114s
2026-10-01T03:46:14.943Z	PXL-015	torch_stand_anim	-	cbcc7a35-3aee-434e-a7d2-c84d2bb6cd86	ok 4 img 126s
2026-10-01T03:47:31.993Z	PXL-015	hearth_anim	-	3ebf3fbe-860d-4b26-8ce2-17862aff828c	ok 4 img 203s
2026-10-01T03:48:48.931Z	PXL-017	ship_a	create_image_pixen	5e457faf-b451-4d15-b368-f07a654a45da	disparado
2026-10-01T03:49:05.775Z	PXL-017	ship_a	-	5e457faf-b451-4d15-b368-f07a654a45da	ok 1 img 17s
2026-10-01T03:49:16.218Z	PXL-016	map_a	create_image_pixen	ca118208-6957-4864-b66c-9f28215fbb83	disparado
2026-10-01T03:50:27.559Z	PXL-016	map_a	-	ca118208-6957-4864-b66c-9f28215fbb83	ok 1 img 71s
2026-10-01T03:50:56.866Z	PXL-018	e06_eolo	create_image_pixen	b35a7cdc-fcaa-4c57-920d-c632dd8a82e1	disparado
2026-10-01T03:50:56.932Z	PXL-018	e04_citera	create_image_pixen	4b847787-1969-4106-8105-32c36f289a19	disparado
2026-10-01T03:50:56.939Z	PXL-018	e01_itaca	create_image_pixen	94eb532f-1a6d-4451-84a8-6c2403134ec1	disparado
2026-10-01T03:50:57.023Z	PXL-018	e05_ciclopes	create_image_pixen	ac0c4a45-19b2-4cde-8730-f063627f0615	disparado
2026-10-01T03:50:57.032Z	PXL-018	e02_troia	create_image_pixen	54e4ff7b-6fc7-4ddc-953f-0b2134cd0c48	disparado
2026-10-01T03:50:57.088Z	PXL-018	e03_cicones	create_image_pixen	218b8533-0518-46f2-a4a8-8492a958f6cc	disparado
2026-10-01T03:50:57.109Z	PXL-018	e07_lestrigoes	create_image_pixen	070df6e4-c9ee-4959-9590-00f75030e898	disparado
2026-10-01T03:50:57.231Z	PXL-018	e08_circe	create_image_pixen	b852952b-c9af-4d10-8042-cb734575646c	disparado
2026-10-01T03:51:24.771Z	PXL-018	e04_citera	-	4b847787-1969-4106-8105-32c36f289a19	ok 1 img 28s
2026-10-01T03:51:25.303Z	PXL-018	e06_eolo	-	b35a7cdc-fcaa-4c57-920d-c632dd8a82e1	ok 1 img 28s
2026-10-01T03:51:35.190Z	PXL-018	e07_lestrigoes	-	070df6e4-c9ee-4959-9590-00f75030e898	ok 1 img 38s
2026-10-01T03:51:35.370Z	PXL-018	e01_itaca	-	94eb532f-1a6d-4451-84a8-6c2403134ec1	ok 1 img 38s
2026-10-01T03:51:35.387Z	PXL-018	e08_circe	-	b852952b-c9af-4d10-8042-cb734575646c	ok 1 img 38s
2026-10-01T03:51:37.061Z	PXL-018	e05_ciclopes	-	ac0c4a45-19b2-4cde-8730-f063627f0615	ok 1 img 40s
2026-10-01T03:51:37.709Z	PXL-018	e02_troia	-	54e4ff7b-6fc7-4ddc-953f-0b2134cd0c48	ok 1 img 41s
2026-10-01T03:51:45.707Z	PXL-018	e03_cicones	-	218b8533-0518-46f2-a4a8-8492a958f6cc	ok 1 img 49s
2026-10-01T03:51:47.469Z	PXL-018	e11_cila	create_image_pixen	15eea4f5-e401-404f-abc3-ae7910e291b2	disparado
2026-10-01T03:51:47.586Z	PXL-018	e10_sereias	create_image_pixen	ef13bf12-bf30-4e80-81e9-566f5cb69adc	disparado
2026-10-01T03:51:47.631Z	PXL-018	e13_calipso	create_image_pixen	d84a3859-7e73-43fa-a37f-356385465248	disparado
2026-10-01T03:51:48.427Z	PXL-018	e15_pretendentes	create_image_pixen	8c9ac7b0-4040-4a80-9deb-c037676f5b6d	disparado
2026-10-01T03:51:48.449Z	PXL-018	e12_gado	create_image_pixen	12179ba6-e9db-4f60-b61d-af6acdefaf7e	disparado
2026-10-01T03:51:48.683Z	PXL-018	e09_mortos	create_image_pixen	f1b5d220-d7ff-49e7-aa7e-f61ec8c4d632	disparado
2026-10-01T03:51:49.392Z	PXL-018	e16_final	create_image_pixen	e8223be7-6490-463a-873e-ddd977154206	disparado
2026-10-01T03:51:50.472Z	PXL-018	e14_itaca_retorno	create_image_pixen	5ff52b05-a076-4669-860f-66969020edb7	disparado
2026-10-01T03:52:15.330Z	PXL-018	e10_sereias	-	ef13bf12-bf30-4e80-81e9-566f5cb69adc	ok 1 img 28s
2026-10-01T03:52:15.351Z	PXL-018	e11_cila	-	15eea4f5-e401-404f-abc3-ae7910e291b2	ok 1 img 28s
2026-10-01T03:52:15.654Z	PXL-018	e13_calipso	-	d84a3859-7e73-43fa-a37f-356385465248	ok 1 img 28s
2026-10-01T03:52:15.990Z	PXL-018	e12_gado	-	12179ba6-e9db-4f60-b61d-af6acdefaf7e	ok 1 img 28s
2026-10-01T03:52:16.087Z	PXL-018	e09_mortos	-	f1b5d220-d7ff-49e7-aa7e-f61ec8c4d632	ok 1 img 27s
2026-10-01T03:52:28.055Z	PXL-018	e16_final	-	e8223be7-6490-463a-873e-ddd977154206	ok 1 img 39s
2026-10-01T03:52:28.936Z	PXL-018	e14_itaca_retorno	-	5ff52b05-a076-4669-860f-66969020edb7	ok 1 img 38s
2026-10-01T03:52:37.669Z	PXL-018	e15_pretendentes	-	8c9ac7b0-4040-4a80-9deb-c037676f5b6d	ok 1 img 49s
2026-10-01T03:53:02.938Z	PXL-018	e10_sereias_b	create_image_pixen	15eca4b2-0135-4e96-9deb-8b62e3f5e418	disparado
2026-10-01T03:53:02.976Z	PXL-018	e16_final_b	create_image_pixen	24c842cc-2ded-43df-a0cd-de9cf758f037	disparado
2026-10-01T03:53:03.229Z	PXL-018	e07_lestrigoes_b	create_image_pixen	39195328-5f43-4533-b660-97dba758848f	disparado
2026-10-01T03:53:31.381Z	PXL-018	e10_sereias_b	-	15eca4b2-0135-4e96-9deb-8b62e3f5e418	ok 1 img 28s
2026-10-01T03:53:31.516Z	PXL-018	e07_lestrigoes_b	-	39195328-5f43-4533-b660-97dba758848f	ok 1 img 28s
2026-10-01T03:53:32.126Z	PXL-018	e16_final_b	-	24c842cc-2ded-43df-a0cd-de9cf758f037	ok 1 img 29s
2026-10-01T03:53:50.119Z	PXL-018	e10_sereias_pro	create_image_pro	4ac059ee-b487-4b7f-9a9b-a08a70a553ad	disparado
2026-10-01T03:59:10.728Z	PXL-018	e10_sereias_pro	-	4ac059ee-b487-4b7f-9a9b-a08a70a553ad	ok 4 img 321s
2026-10-01T04:00:29.253Z	PXL-019	h_lives	create_image_pixen	af381bd2-8b65-404e-a410-19676ac1e76b	disparado
2026-10-01T04:00:29.305Z	PXL-019	h_health	create_image_pixen	21637de8-6d40-4f3c-a352-597c459182be	disparado
2026-10-01T04:00:29.312Z	PXL-019	h_shield	create_image_pixen	8cbddb25-4cbc-4a5f-86d8-f269fc3a8822	disparado
2026-10-01T04:00:29.371Z	PXL-019	h_arrows	create_image_pixen	7bd1f440-dcbb-4f45-b243-f9a4881dd018	disparado
2026-10-01T04:00:29.561Z	PXL-019	h_lotus	create_image_pixen	df6e9561-f07b-4a13-9766-99991db7fbec	disparado
2026-10-01T04:00:29.627Z	PXL-019	h_xp	create_image_pixen	5acd447d-659e-4465-aea4-20562a3facdf	disparado
2026-10-01T04:00:29.719Z	PXL-019	h_hunger	create_image_pixen	3d7fecdc-907e-4b87-ab14-15cbdb2be4f1	disparado
2026-10-01T04:00:30.419Z	PXL-019	h_wax	create_image_pixen	991264a0-85e9-4e4d-acee-0232a8731679	disparado
2026-10-01T04:00:57.437Z	PXL-019	h_health	-	21637de8-6d40-4f3c-a352-597c459182be	ok 1 img 28s
2026-10-01T04:00:57.527Z	PXL-019	h_arrows	-	7bd1f440-dcbb-4f45-b243-f9a4881dd018	ok 1 img 28s
2026-10-01T04:01:06.543Z	PXL-019	h_lives	-	af381bd2-8b65-404e-a410-19676ac1e76b	ok 1 img 37s
2026-10-01T04:01:07.271Z	PXL-019	h_shield	-	8cbddb25-4cbc-4a5f-86d8-f269fc3a8822	ok 1 img 38s
2026-10-01T04:01:18.676Z	PXL-019	h_hunger	-	3d7fecdc-907e-4b87-ab14-15cbdb2be4f1	ok 1 img 49s
2026-10-01T04:01:28.827Z	PXL-019	h_lotus	-	df6e9561-f07b-4a13-9766-99991db7fbec	ok 1 img 59s
2026-10-01T04:01:30.268Z	PXL-019	h_wax	-	991264a0-85e9-4e4d-acee-0232a8731679	ok 1 img 60s
2026-10-01T04:01:40.523Z	PXL-019	h_xp	-	5acd447d-659e-4465-aea4-20562a3facdf	ok 1 img 71s
2026-10-01T04:02:19.662Z	PXL-020	menu_a	create_image_pixen	5415c32c-91ef-4974-9d2e-5ab60b640e84	disparado
2026-10-01T04:05:54.718Z	PXL-020	menu_a	-	5415c32c-91ef-4974-9d2e-5ab60b640e84	ok 1 img 215s
2026-10-01T04:06:36.826Z	PXL-021	fg15_spill	create_image_pixen	7f2a1c50-f647-4c8f-8600-272a23290bef	disparado
2026-10-01T04:06:36.908Z	PXL-021	fg15_banner	create_image_pixen	fb9399b5-fead-4e76-8905-aeb34ff6af5d	disparado
2026-10-01T04:06:36.944Z	PXL-021	fg14_branch	create_image_pixen	1af88c08-061e-44e8-9137-6fb7786cf827	disparado
2026-10-01T04:06:37.213Z	PXL-021	fg04_rope	create_image_pixen	6ed0a477-f97e-4629-9c67-d4b0854ca5a8	disparado
2026-10-01T04:06:37.414Z	PXL-021	fg06_rail	create_image_pixen	4ba86c92-efa8-47de-84ac-bf5751efde17	disparado
2026-10-01T04:06:37.470Z	PXL-021	fg06_cloud	create_image_pixen	557cb15e-a786-47dd-81cf-f6bc5916f718	disparado
2026-10-01T04:06:38.271Z	PXL-021	fg04_rigging	create_image_pixen	1efba726-18ae-434d-884e-cbf774e367d6	disparado
2026-10-01T04:06:38.941Z	PXL-021	fg14_weeds	create_image_pixen	e0fb94e5-582b-4bdb-a10c-91467dd76721	disparado
2026-10-01T04:07:26.081Z	PXL-021	fg15_banner	-	fb9399b5-fead-4e76-8905-aeb34ff6af5d	ok 1 img 49s
2026-10-01T04:07:36.249Z	PXL-021	fg15_spill	-	7f2a1c50-f647-4c8f-8600-272a23290bef	ok 1 img 59s
2026-10-01T04:07:36.956Z	PXL-021	fg14_branch	-	1af88c08-061e-44e8-9137-6fb7786cf827	ok 1 img 60s
2026-10-01T04:07:40.216Z	PXL-021	fg14_weeds	-	e0fb94e5-582b-4bdb-a10c-91467dd76721	ok 1 img 61s
2026-10-01T04:07:47.927Z	PXL-021	fg06_cloud	-	557cb15e-a786-47dd-81cf-f6bc5916f718	ok 1 img 70s
2026-10-01T04:08:10.267Z	PXL-021	fg06_rail	-	4ba86c92-efa8-47de-84ac-bf5751efde17	ok 1 img 93s
2026-10-01T04:08:10.422Z	PXL-021	fg04_rigging	-	1efba726-18ae-434d-884e-cbf774e367d6	ok 1 img 92s
2026-10-01T04:08:19.469Z	PXL-021	fg04_rope	-	6ed0a477-f97e-4629-9c67-d4b0854ca5a8	ok 1 img 102s
2026-10-01T04:08:35.806Z	PXL-021	fg04_rope_b	create_image_pixen	b9c73146-3af6-4749-9246-475bf478771e	disparado
2026-10-01T04:09:38.720Z	PXL-021	fg04_rope_b	-	b9c73146-3af6-4749-9246-475bf478771e	ok 1 img 63s
2026-10-01T04:10:04.228Z	PXL-022	entab_a	create_image_pixen	26e1a2c2-8daf-44dc-b734-2c8d1e78e5a5	disparado
2026-10-01T04:11:04.101Z	PXL-022	entab_a	-	26e1a2c2-8daf-44dc-b734-2c8d1e78e5a5	ok 1 img 60s
