arquivo	w	h	cores	semi%	fator	ppu	modo	sprites	filtro	usos
Assets/Art/Environments/Calipso/Background/calipso_bg_sea_horizon.png	1342	384	54	0	1	42.857143	1	0	0	Level_13_Calipso,cs:CalipsoSceneDresser
Assets/Art/Environments/Calipso/Beach/calipso_shore_rocks.png	212	105	11	0	1	42.857143	1	0	0	Level_13_Calipso,cs:CalipsoSceneDresser
Assets/Art/Environments/Calipso/Foreground/calipso_ferns.png	236	92	15	0	1	42.857143	1	0	0	Level_13_Calipso,cs:CalipsoSceneDresser
Assets/Art/Environments/Calipso/Forest/calipso_cypress.png	59	271	12	0	1	42.857143	1	0	0	Level_13_Calipso,cs:CalipsoSceneDresser
Assets/Art/Environments/Calipso/Forest/calipso_tree_ancient.png	288	316	18	0	1	42.857143	1	0	0	Level_13_Calipso,cs:CalipsoSceneDresser
Assets/Art/Environments/Calipso/Gameplay/calipso_grass_ground_body.png	32	32	2	0	1	42.857143	1	0	0	Level_13_Calipso
Assets/Art/Environments/Calipso/Gameplay/calipso_grass_ground_top.png	32	32	7	0	1	42.857143	1	0	0	Level_13_Calipso
Assets/Art/Environments/Calipso/Gameplay/calipso_sand_ground_body.png	32	32	1	0	32	42.857143	1	0	0	Level_13_Calipso
Assets/Art/Environments/Calipso/Gameplay/calipso_sand_ground_top.png	32	32	3	0	1	42.857143	1	0	0	Level_13_Calipso
Assets/Art/Environments/Calipso/Gameplay/calipso_tiles_grass.png	128	128	9	0	1	42.857143	1	0	0	
Assets/Art/Environments/Calipso/Gameplay/calipso_tiles_sand.png	128	128	4	0	1	42.857143	1	0	0	
Assets/Art/Environments/Calipso/Garden/calipso_fountain.png	210	206	22	0	1	42.857143	1	0	0	Level_13_Calipso,cs:CalipsoSceneDresser
Assets/Art/Environments/Calipso/Garden/calipso_garden_flowers.png	237	81	20	0	1	42.857143	1	0	0	Level_13_Calipso,cs:CalipsoSceneDresser
Assets/Art/Environments/Calipso/Midground/calipso_forest_band.png	1342	288	32	0	1	42.857143	1	0	0	Level_13_Calipso,cs:CalipsoSceneDresser
Assets/Art/Environments/Calipso/Ocean/calipso_foam_line.png	1022	48	52	0	1	42.857143	1	0	0	Level_13_Calipso,cs:CalipsoSceneDresser
Assets/Art/Environments/Calipso/Palace/calipso_palace.png	508	278	15	0	1	42.857143	1	0	0	Level_13_Calipso,cs:CalipsoSceneDresser
Assets/Art/Environments/Calipso/Props/calipso_bench_ruin.png	260	122	13	0	1	42.857143	1	0	0	Level_13_Calipso,cs:CalipsoSceneDresser
Assets/Art/Environments/Calipso/Special/calipso_raft.png	294	219	12	0	1	42.857143	1	0	0	Level_13_Calipso,cs:CalipsoSceneDresser
Assets/Art/Environments/Calipso/VFX/calipso_dusk_gradient.png	256	8	1	100	8	42.857143	1	0	0	Level_13_Calipso,cs:CalipsoSceneDresser
Assets/Art/Environments/Calipso/Waterfall/calipso_cliff_waterfall.png	299	490	22	0	1	42.857143	1	0	0	Level_13_Calipso,cs:CalipsoSceneDresser
Assets/Art/Environments/Ciclopes/Background/ciclopes_bg_cliffs.png	512	176	3	0	1	42.857143	1	0	0	Level_05_Ciclopes,cs:CiclopesSceneDresser
Assets/Art/Environments/Ciclopes/Background/ciclopes_bg_hills.png	512	128	2	0	1	42.857143	1	0	0	Level_05_Ciclopes,cs:CiclopesSceneDresser
Assets/Art/Environments/Ciclopes/Background/ciclopes_bg_mountains.png	512	160	2	0	1	42.857143	1	0	0	Level_05_Ciclopes,cs:CiclopesSceneDresser
Assets/Art/Environments/Ciclopes/Background/ciclopes_bg_sea.png	512	96	4	0	1	42.857143	1	0	0	Level_05_Ciclopes,cs:CiclopesSceneDresser
Assets/Art/Environments/Ciclopes/Background/ciclopes_bg_sky.png	512	512	4	0	1	42.857143	1	0	0	Level_05_Ciclopes,cs:CiclopesSceneDresser
Assets/Art/Environments/Ciclopes/Cave/ciclopes_rock_pillar.png	81	320	5	0	1	42.857143	1	0	0	Level_05_Ciclopes,cs:CiclopesSceneDresser
Assets/Art/Environments/Ciclopes/Cave/ciclopes_stalactites.png	510	128	5	0	1	42.857143	1	0	0	Level_05_Ciclopes,cs:CiclopesSceneDresser
Assets/Art/Environments/Ciclopes/Cave/ciclopes_tiles_cavefloor.png	510	128	5	0	1	42.857143	1	0	0	Level_05_Ciclopes,cs:CiclopesSceneDresser
Assets/Art/Environments/Ciclopes/Cave/ciclopes_tiles_cavewall.png	510	192	5	0	1	42.857143	1	0	0	Level_05_Ciclopes,cs:CiclopesSceneDresser
Assets/Art/Environments/Ciclopes/Gameplay/ciclopes_tiles_wild.png	510	128	23	0	1	42.857143	1	0	0	Level_05_Ciclopes,cs:CiclopesSceneDresser
Assets/Art/Environments/Ciclopes/Midground/ciclopes_wild_olive.png	224	256	24	0	1	42.857143	1	0	0	Level_05_Ciclopes,cs:CiclopesSceneDresser
Assets/Art/Environments/Ciclopes/Props/ciclopes_bones.png	192	96	16	0	1	42.857143	1	0	0	Level_05_Ciclopes,cs:CiclopesSceneDresser
Assets/Art/Environments/Ciclopes/Props/ciclopes_boulder_cluster.png	192	112	19	0	1	42.857143	1	0	0	Level_05_Ciclopes,cs:CiclopesSceneDresser
Assets/Art/Environments/Ciclopes/Props/ciclopes_boulder_large.png	192	160	23	0	1	42.857143	1	0	0	Level_05_Ciclopes,cs:CiclopesSceneDresser
Assets/Art/Environments/Ciclopes/Props/ciclopes_torch_wall.png	96	160	24	0	1	42.857143	1	0	0	Level_05_Ciclopes,cs:CiclopesSceneDresser
Assets/Art/Environments/Ciclopes/Special/ciclopes_giant_fire.png	256	224	27	0	1	42.857143	1	0	0	Level_05_Ciclopes,cs:CiclopesSceneDresser
Assets/Art/Environments/Ciclopes/Special/ciclopes_giant_jars.png	213	201	18	0	1	42.857143	1	0	0	Level_05_Ciclopes,cs:CiclopesSceneDresser
Assets/Art/Environments/Ciclopes/Special/ciclopes_giant_logs.png	320	192	15	0	1	42.857143	1	0	0	Level_05_Ciclopes,cs:CiclopesSceneDresser
Assets/Art/Environments/Ciclopes/Special/ciclopes_giant_pen.png	320	192	16	0	1	42.857143	1	0	0	Level_05_Ciclopes,cs:CiclopesSceneDresser
Assets/Art/Environments/Ciclopes/Special/ciclopes_giant_staff.png	320	128	16	0	1	42.857143	1	0	0	Level_05_Ciclopes,cs:CiclopesSceneDresser
Assets/Art/Environments/Cicones/Architecture/cicones_drystone_wall.png	256	96	16	0	1	42.857143	1	0	0	Level_03_Cicones,cs:CiconesSceneDresser
Assets/Art/Environments/Cicones/Architecture/cicones_house_large.png	224	256	12	0	1	42.857143	1	0	0	Level_03_Cicones,cs:CiconesSceneDresser
Assets/Art/Environments/Cicones/Architecture/cicones_house_small.png	192	192	16	0	1	42.857143	1	0	0	Level_03_Cicones,cs:CiconesSceneDresser
Assets/Art/Environments/Cicones/Architecture/cicones_shrine_landmark.png	216	149	19	0	1	42.857143	1	0	0	Level_03_Cicones,Level_06_Eolo,cs:CiconesSceneDresser,cs:EoloSceneDresser
Assets/Art/Environments/Cicones/Background/cicones_bg_hills.png	512	128	2	0	1	42.857143	1	0	0	Level_03_Cicones,cs:CiconesSceneDresser
Assets/Art/Environments/Cicones/Background/cicones_bg_mountains.png	512	160	2	0	1	42.857143	1	0	0	Level_03_Cicones,cs:CiconesSceneDresser
Assets/Art/Environments/Cicones/Background/cicones_bg_sea.png	512	96	4	0	1	42.857143	1	0	0	Level_03_Cicones,cs:CiconesSceneDresser
Assets/Art/Environments/Cicones/Background/cicones_bg_sky.png	512	512	4	0	1	42.857143	1	0	0	Level_03_Cicones,cs:CiconesSceneDresser
Assets/Art/Environments/Cicones/Background/cicones_bg_village.png	512	112	2	0	1	42.857143	1	0	0	Level_03_Cicones,cs:CiconesSceneDresser
Assets/Art/Environments/Cicones/Nature/cicones_grass_tuft.png	128	78	13	0	1	42.857143	1	0	0	Level_03_Cicones,cs:CiconesSceneDresser
Assets/Art/Environments/Cicones/Nature/cicones_olive_tree.png	224	256	22	0	1	42.857143	1	0	0	Level_03_Cicones,cs:CiconesSceneDresser
Assets/Art/Environments/Cicones/Nature/cicones_scrub_bush.png	128	96	17	0	1	42.857143	1	0	0	Level_03_Cicones,cs:CiconesSceneDresser
Assets/Art/Environments/Cicones/Props/cicones_fishing_boat.png	320	160	15	0	1	42.857143	1	0	0	Level_03_Cicones,Level_07_Lestrigoes,cs:CiconesSceneDresser,cs:LestrigoesSceneDresser
Assets/Art/Environments/Cicones/Props/cicones_handcart.png	224	128	17	0	1	42.857143	1	0	0	Level_03_Cicones,cs:CiconesSceneDresser
Assets/Art/Environments/Cicones/Props/cicones_pithoi_baskets.png	224	128	17	0	1	42.857143	1	0	0	Level_03_Cicones,cs:CiconesSceneDresser
Assets/Art/Environments/Cicones/Props/cicones_well.png	192	192	18	0	1	42.857143	1	0	0	Level_03_Cicones,cs:CiconesSceneDresser
Assets/Art/Environments/Cicones/Props/cicones_wooden_fence.png	256	96	17	0	1	42.857143	1	0	0	Level_03_Cicones,cs:CiconesSceneDresser
Assets/Art/Environments/Cicones/Terrain/cicones_tiles_earth_grass.png	510	128	13	0	1	42.857143	1	0	0	Level_03_Cicones,cs:CiconesSceneDresser
Assets/Art/Environments/Cicones/Terrain/cicones_tiles_rock.png	510	108	5	0	1	42.857143	1	0	0	
Assets/Art/Environments/Cicones/Terrain/cicones_tiles_sand.png	510	128	5	0	1	42.857143	1	0	0	Level_03_Cicones,cs:CiconesSceneDresser
Assets/Art/Environments/CilaCaribdis/Background/cila_bg_walls_far.png	672	384	40	0	1	42.857143	1	0	0	Level_11_CilaCaribdis,cs:CilaCaribdisSceneDresser
Assets/Art/Environments/CilaCaribdis/Charybdis/cila_charybdis_funnel.png	512	256	10	0	1	42.857143	1	0	0	
Assets/Art/Environments/CilaCaribdis/Gameplay/cila_rock_ground_body.png	32	32	3	0	1	42.857143	1	0	0	Level_11_CilaCaribdis,cs:CilaCaribdisSceneDresser
Assets/Art/Environments/CilaCaribdis/Gameplay/cila_rock_ground_top.png	32	32	4	0	1	42.857143	1	0	0	Level_11_CilaCaribdis,cs:CilaCaribdisSceneDresser
Assets/Art/Environments/CilaCaribdis/Gameplay/cila_tiles_rock.png	128	128	5	0	1	42.857143	1	0	0	
Assets/Art/Environments/CilaCaribdis/Midground/cila_wall_columnar.png	256	512	50	0	1	42.857143	1	0	0	Level_11_CilaCaribdis,cs:CilaCaribdisSceneDresser
Assets/Art/Environments/CilaCaribdis/Ocean/cila_sea_churn.png	1342	192	62	0	1	42.857143	1	0	0	Level_11_CilaCaribdis,cs:CilaCaribdisSceneDresser
Assets/Art/Environments/CilaCaribdis/Props/cila_debris_timbers.png	209	95	13	0	1	42.857143	1	0	0	Level_11_CilaCaribdis,cs:CilaCaribdisSceneDresser
Assets/Art/Environments/CilaCaribdis/Rocks/cila_crag_stack.png	96	512	49	0	1	42.857143	1	0	0	Level_11_CilaCaribdis,cs:CilaCaribdisSceneDresser,cs:FinalPolishDresser
Assets/Art/Environments/CilaCaribdis/Scylla/cila_cave_cliff.png	256	512	52	0	1	42.857143	1	0	0	Level_11_CilaCaribdis,cs:CilaCaribdisSceneDresser
Assets/Art/Environments/CilaCaribdis/Shipwrecks/cila_wreck_ribs.png	320	157	8	0	1	42.857143	1	0	0	Level_11_CilaCaribdis,cs:CilaCaribdisSceneDresser
Assets/Art/Environments/Circe/Background/circe_canopy_light.png	512	384	4	0	1	42.857143	1	0	0	Level_08_Circe,cs:CirceSceneDresser
Assets/Art/Environments/Circe/Background/circe_forest_far.png	512	224	3	0	1	42.857143	1	0	0	Level_08_Circe,cs:CirceSceneDresser
Assets/Art/Environments/Circe/Background/circe_forest_mid.png	512	288	3	0	1	42.857143	1	0	0	Level_08_Circe,cs:CirceSceneDresser
Assets/Art/Environments/Circe/Forest/circe_big_tree.png	320	380	23	0	1	42.857143	1	0	0	Level_08_Circe,cs:CirceSceneDresser
Assets/Art/Environments/Circe/Forest/circe_fern_cluster.png	192	128	26	0	1	42.857143	1	0	0	Level_08_Circe,cs:CirceSceneDresser
Assets/Art/Environments/Circe/Gameplay/circe_tiles_forest.png	510	160	18	0	1	42.857143	1	0	0	Level_08_Circe,cs:CirceSceneDresser
Assets/Art/Environments/Circe/Gameplay/circe_tiles_marble.png	510	133	27	0	1	42.857143	1	0	0	Level_08_Circe,cs:CirceSceneDresser
Assets/Art/Environments/Circe/Magic/circe_glow_flowers.png	192	160	18	0	1	42.857143	1	0	0	Level_08_Circe,cs:CirceSceneDresser
Assets/Art/Environments/Circe/Magic/circe_mist_band.png	510	96	4	0	1	42.857143	1	0	0	Level_08_Circe,cs:CirceSceneDresser
Assets/Art/Environments/Circe/Midground/circe_forest_band.png	510	160	16	0	1	42.857143	1	0	0	Level_08_Circe,cs:CirceSceneDresser
Assets/Art/Environments/Circe/Palace/circe_temple_front.png	304	281	24	0	1	42.857143	1	0	0	Level_08_Circe,cs:CirceSceneDresser
Assets/Art/Environments/Circe/Props/circe_alchemy_table.png	256	192	29	0	1	42.857143	1	0	0	Level_08_Circe,cs:CirceSceneDresser
Assets/Art/Environments/Circe/Props/circe_amphorae.png	224	160	17	0	1	42.857143	1	0	0	Level_08_Circe,cs:CirceSceneDresser
Assets/Art/Environments/Circe/Props/circe_stone_basin.png	224	128	36	0	1	42.857143	1	0	0	Level_08_Circe,cs:CirceSceneDresser
Assets/Art/Environments/Circe/Ruins/circe_fallen_column.png	288	128	26	0	1	42.857143	1	0	0	Level_08_Circe,cs:CirceSceneDresser
Assets/Art/Environments/Circe/Ruins/circe_mossy_statue.png	160	288	22	0	1	42.857143	1	0	0	Level_08_Circe,cs:CirceSceneDresser
Assets/Art/Environments/Circe/Ruins/circe_ruined_wall.png	288	224	27	0	1	42.857143	1	0	0	Level_08_Circe,cs:CirceSceneDresser
Assets/Art/Environments/Circe/VFX/circe_light_shafts.png	256	256	1	100	1	42.857143	1	0	0	Level_08_Circe,cs:CirceSceneDresser
Assets/Art/Environments/Circe/VFX/circe_motes.png	256	256	3	100	1	42.857143	1	0	0	Level_08_Circe,cs:CirceSceneDresser
Assets/Art/Environments/Circe/VFX/circe_undergrowth.png	512	96	2	0	1	42.857143	1	0	0	Level_08_Circe,cs:CirceSceneDresser
Assets/Art/Environments/Cytera/Background/cytera_sky_storm.png	512	512	8	0	1	42.857143	1	0	0	Level_04_Citera,cs:CyteraSceneDresser
Assets/Art/Environments/Cytera/Background/cytera_storm_cloud.png	384	160	5	0	1	42.857143	1	0	0	Level_04_Citera,Level_12_GadoDoSol,cs:CyteraSceneDresser,cs:GadoDoSolSceneDresser
Assets/Art/Environments/Cytera/Effects/cytera_ring_1.png	192	106	3	0	1	42.857143	1	0	0	Level_04_Citera
Assets/Art/Environments/Cytera/Effects/cytera_ring_2.png	140	77	3	0	1	42.857143	1	0	0	Level_04_Citera
Assets/Art/Environments/Cytera/Effects/cytera_ring_3.png	92	51	3	0	1	42.857143	1	0	0	Level_04_Citera
Assets/Art/Environments/Cytera/Effects/cytera_spray.png	160	96	2	0	1	42.857143	1	0	0	Level_04_Citera,cs:CyteraSceneDresser
Assets/Art/Environments/Cytera/Ocean/cytera_deep_water.png	512	96	4	0	1	42.857143	1	0	0	Level_04_Citera,cs:CyteraSceneDresser
Assets/Art/Environments/Cytera/Ocean/cytera_foam_line.png	512	24	3	0	1	42.857143	1	0	0	Level_04_Citera,cs:CyteraSceneDresser
Assets/Art/Environments/Cytera/Ocean/cytera_ocean_surface.png	512	128	6	0	1	42.857143	1	0	0	Level_04_Citera,cs:CyteraSceneDresser
Assets/Art/Environments/Cytera/Ocean/cytera_wave_large.png	384	206	5	0	1	42.857143	1	0	0	Level_04_Citera,cs:CyteraSceneDresser
Assets/Art/Environments/Cytera/Ocean/cytera_wave_medium.png	256	128	4	0	1	42.857143	1	0	0	
Assets/Art/Environments/Cytera/Rocks/cytera_rock_tall.png	224	192	5	0	1	42.857143	1	0	0	cs:CyteraSceneDresser
Assets/Art/Environments/Cytera/Rocks/cytera_rock_wide.png	320	128	5	0	1	42.857143	1	0	0	Level_04_Citera,cs:CyteraSceneDresser
Assets/Art/Environments/Cytera/Ship/cytera_deck_planks.png	256	96	5	0	1	42.857143	1	0	0	Level_04_Citera,Level_10_Sereias,Level_11_CilaCaribdis,Level_12_GadoDoSol,cs:CilaCaribdisSceneDresser,cs:CyteraSceneDresser,cs:GadoDoSolSceneDresser,cs:SereiasSceneDresser
Assets/Art/Environments/Cytera/Ship/cytera_mast_sail.png	167	273	18	0	1	42.857143	1	0	0	Level_04_Citera,Level_06_Eolo,Level_07_Lestrigoes,Level_10_Sereias,Level_11_CilaCaribdis,Level_12_GadoDoSol,cs:CilaCaribdisSceneDresser,cs:CyteraSceneDresser,cs:EoloSceneDresser,cs:GadoDoSolSceneDresser,cs:LestrigoesSceneDresser,cs:SereiasSceneDresser
Assets/Art/Environments/Cytera/Ship/cytera_wreckage.png	256	112	20	0	1	42.857143	1	0	0	Level_04_Citera,Level_07_Lestrigoes,cs:CyteraSceneDresser,cs:LestrigoesSceneDresser
Assets/Art/Environments/Cytera/Weather/cytera_lightning.png	128	320	2	48.5	1	42.857143	1	0	0	Level_04_Citera,cs:CyteraSceneDresser
Assets/Art/Environments/Cytera/Weather/cytera_rain.png	256	256	2	100	1	42.857143	1	0	0	Level_04_Citera,Level_11_CilaCaribdis,cs:CilaCaribdisSceneDresser,cs:CyteraSceneDresser
Assets/Art/Environments/Eolo/Background/eolo_clouds_far.png	512	128	3	0	1	42.857143	1	0	0	Level_06_Eolo,cs:EoloSceneDresser
Assets/Art/Environments/Eolo/Background/eolo_clouds_near.png	512	176	3	0	1	42.857143	1	0	0	Level_06_Eolo,cs:EoloSceneDresser
Assets/Art/Environments/Eolo/Background/eolo_sky_high.png	512	512	8	0	1	42.857143	1	0	0	Level_06_Eolo,cs:EoloSceneDresser
Assets/Art/Environments/Eolo/Gameplay/eolo_island_underside.png	510	128	5	0	1	42.857143	1	0	0	Level_06_Eolo,cs:EoloSceneDresser
Assets/Art/Environments/Eolo/Gameplay/eolo_rope_bridge.png	320	128	20	0	1	42.857143	1	0	0	Level_06_Eolo,cs:EoloSceneDresser
Assets/Art/Environments/Eolo/Gameplay/eolo_small_island.png	256	192	21	0	1	42.857143	1	0	0	Level_06_Eolo,cs:EoloSceneDresser
Assets/Art/Environments/Eolo/Gameplay/eolo_tiles_island.png	510	160	16	0	1	42.857143	1	0	0	Level_06_Eolo,cs:EoloSceneDresser
Assets/Art/Environments/Eolo/Palace/eolo_brazier.png	128	256	20	0	1	42.857143	1	0	0	cs:EoloSceneDresser
Assets/Art/Environments/Eolo/Palace/eolo_brazier_native.png	79	159	17	0	1	42.857143	1	0	0	Level_06_Eolo,cs:FinalPolishDresser
Assets/Art/Environments/Eolo/Palace/eolo_bronze_door.png	160	256	17	0	1	42.857143	1	0	0	cs:EoloSceneDresser
Assets/Art/Environments/Eolo/Palace/eolo_bronze_door_native.png	83	133	16	0	1	42.857143	1	0	0	Level_06_Eolo,cs:FinalPolishDresser
Assets/Art/Environments/Eolo/Palace/eolo_column.png	96	320	20	0	1	42.857143	1	0	0	cs:EoloSceneDresser
Assets/Art/Environments/Eolo/Palace/eolo_column_native.png	50	166	20	0	1	42.857143	1	0	0	Level_06_Eolo,cs:FinalPolishDresser
Assets/Art/Environments/Eolo/Palace/eolo_entablature.png	256	96	16	0	1	42.857143	1	0	0	Level_06_Eolo,cs:EoloSceneDresser
Assets/Art/Environments/Eolo/Palace/eolo_statue.png	128	288	19	0	1	42.857143	1	0	0	cs:EoloSceneDresser
Assets/Art/Environments/Eolo/Palace/eolo_statue_native.png	77	173	19	0	1	42.857143	1	0	0	Level_06_Eolo,cs:FinalPolishDresser
Assets/Art/Environments/Eolo/Palace/eolo_steps.png	510	128	20	0	1	42.857143	1	0	0	cs:EoloSceneDresser
Assets/Art/Environments/Eolo/Palace/eolo_steps_native.png	265	67	20	0	1	42.857143	1	0	0	Level_06_Eolo,cs:FinalPolishDresser
Assets/Art/Environments/Eolo/Props/eolo_banner.png	256	128	20	0	1	42.857143	1	0	0	cs:EoloSceneDresser
Assets/Art/Environments/Eolo/Props/eolo_banner_native.png	179	90	20	0	1	42.857143	1	0	0	Level_06_Eolo,cs:FinalPolishDresser
Assets/Art/Environments/Eolo/Props/eolo_cypress.png	128	288	22	0	1	42.857143	1	0	0	Level_06_Eolo,cs:EoloSceneDresser
Assets/Art/Environments/Eolo/Props/eolo_windbag.png	26	26	38	0	1	42.857143	1	0	0	Level_06_Eolo,cs:EoloSceneDresser
Assets/Art/Environments/Eolo/Wind/eolo_wind_lines.png	256	256	1	100	1	42.857143	1	0	0	Level_06_Eolo,cs:EoloSceneDresser
Assets/Art/Environments/Eolo/Wind/eolo_wind_motes.png	256	256	3	100	1	42.857143	1	0	0	Level_06_Eolo,cs:EoloSceneDresser
Assets/Art/Environments/Final/Background/final_bg_dawn.png	1108	288	49	0	1	42.857143	1	0	0	cs:FinalSceneDresser
Assets/Art/Environments/Final/Foreground/final_fg_column.png	53	140	15	0	1	42.857143	1	0	0	cs:FinalSceneDresser
Assets/Art/Environments/Final/Foreground/final_fg_stones.png	154	60	18	0	1	42.857143	1	0	0	cs:FinalSceneDresser
Assets/Art/Environments/Final/Midground/final_mg_palace_band.png	1534	232	20	0	1	42.857143	1	0	0	cs:FinalSceneDresser
Assets/Art/Environments/Final/Props/final_axe_post.png	57	79	13	0	1	42.857143	1	0	0	cs:FinalSceneDresser
Assets/Art/Environments/Final/Props/final_bow_odysseus.png	26	87	16	0	1	42.857143	1	0	0	cs:FinalSceneDresser
Assets/Art/Environments/Final/Props/final_hearth_base.png	103	82	22	0	1	42.857143	1	0	0	cs:FinalSceneDresser
Assets/Art/Environments/Final/Props/final_hearth_fire.png	103	82	13	0	1	42.857143	1	0	0	cs:FinalSceneDresser
Assets/Art/Environments/Final/Props/final_loom_penelope.png	91	97	14	0	1	42.857143	1	0	0	cs:FinalSceneDresser
Assets/Art/Environments/Final/VFX/final_dawn_gradient.png	256	8	1	100	8	42.857143	1	0	0	cs:FinalSceneDresser
Assets/Art/Environments/Final/VFX/final_dawn_shaft.png	48	256	1	100	1	42.857143	1	0	0	cs:FinalSceneDresser
Assets/Art/Environments/GadoDoSol/Background/gado_bg_hills.png	1342	384	58	0	1	42.857143	1	0	0	Level_12_GadoDoSol,cs:GadoDoSolSceneDresser
Assets/Art/Environments/GadoDoSol/Fields/gado_cypress.png	59	264	14	0	1	42.857143	1	0	0	Level_12_GadoDoSol,cs:GadoDoSolSceneDresser
Assets/Art/Environments/GadoDoSol/Fields/gado_drystone_wall.png	317	72	15	0	1	42.857143	1	0	0	Level_12_GadoDoSol,cs:GadoDoSolSceneDresser
Assets/Art/Environments/GadoDoSol/Fields/gado_olive_tree.png	222	212	13	0	1	42.857143	1	0	0	Level_12_GadoDoSol,cs:GadoDoSolSceneDresser
Assets/Art/Environments/GadoDoSol/Fields/gado_shade_tree_big.png	288	288	19	0	1	42.857143	1	0	0	Level_12_GadoDoSol,cs:GadoDoSolSceneDresser
Assets/Art/Environments/GadoDoSol/Gameplay/gado_grass_ground_body.png	32	32	3	0	1	42.857143	1	0	0	Level_12_GadoDoSol
Assets/Art/Environments/GadoDoSol/Gameplay/gado_grass_ground_top.png	32	32	13	0	1	42.857143	1	0	0	Level_12_GadoDoSol
Assets/Art/Environments/GadoDoSol/Gameplay/gado_stone_ground_body.png	32	32	3	0	1	42.857143	1	0	0	Level_12_GadoDoSol
Assets/Art/Environments/GadoDoSol/Gameplay/gado_stone_ground_top.png	32	32	4	0	1	42.857143	1	0	0	Level_12_GadoDoSol
Assets/Art/Environments/GadoDoSol/Gameplay/gado_tiles_grass.png	128	128	14	0	1	42.857143	1	0	0	
Assets/Art/Environments/GadoDoSol/Gameplay/gado_tiles_stone.png	128	128	4	0	1	42.857143	1	0	0	
Assets/Art/Environments/GadoDoSol/Midground/gado_grove_band.png	1046	256	40	0	1	42.857143	1	0	0	Level_12_GadoDoSol,cs:GadoDoSolSceneDresser
Assets/Art/Environments/GadoDoSol/Ocean/gado_sea_calm.png	1342	160	25	0	1	42.857143	1	0	0	Level_12_GadoDoSol,cs:GadoDoSolSceneDresser
Assets/Art/Environments/GadoDoSol/Pasture/gado_shrubs_flowers.png	162	45	19	0	1	42.857143	1	0	0	Level_12_GadoDoSol,cs:GadoDoSolSceneDresser
Assets/Art/Environments/GadoDoSol/SacredArea/gado_altar.png	190	183	11	0	1	42.857143	1	0	0	Level_12_GadoDoSol,cs:GadoDoSolSceneDresser
Assets/Art/Environments/GadoDoSol/SacredArea/gado_standing_stones.png	312	145	18	0	1	42.857143	1	0	0	Level_12_GadoDoSol,cs:GadoDoSolSceneDresser
Assets/Art/Environments/GadoDoSol/SacredCattle/gado_calf.png	106	75	13	0	1	42.857143	1	0	0	cs:GadoDoSolSceneDresser
Assets/Art/Environments/GadoDoSol/SacredCattle/gado_cattle_grazing.png	136	84	17	0	1	42.857143	1	0	0	cs:GadoDoSolSceneDresser
Assets/Art/Environments/GadoDoSol/SacredCattle/gado_cattle_idle.png	138	94	14	0	1	42.857143	1	0	0	cs:GadoDoSolSceneDresser
Assets/Art/Environments/GadoDoSol/SacredCattle/sun_cattle_idle.png	75	64	33	0	1	42.857143	1	0	0	Level_12_GadoDoSol
Assets/Art/Environments/GadoDoSol/SacredCattle/sun_cattle_idle_ochre.png	75	64	41	0	1	42.857143	1	0	0	Level_12_GadoDoSol
Assets/Art/Environments/GadoDoSol/Temple/gado_ruined_column.png	125	201	14	0	1	42.857143	1	0	0	Level_12_GadoDoSol,cs:GadoDoSolSceneDresser
Assets/Art/Environments/GadoDoSol/Temple/gado_temple.png	451	310	14	0	1	42.857143	1	0	0	Level_12_GadoDoSol,cs:GadoDoSolSceneDresser
Assets/Art/Environments/GadoDoSol/VFX/gado_storm_gradient.png	256	8	1	100	8	42.857143	1	0	0	Level_12_GadoDoSol,cs:GadoDoSolSceneDresser
Assets/Art/Environments/ItacaReturn/Background/itaca_ret_bg_dusk.png	1342	384	48	0	1	42.857143	1	0	0	Level_14_Itaca_Return,Level_15_Pretendentes,cs:ItacaReturnSceneDresser,cs:PretendentesSceneDresser
Assets/Art/Environments/ItacaReturn/Gameplay/ithaca_grass_ground_body.png	32	32	3	0	1	42.857143	1	0	0	Level_14_Itaca_Return
Assets/Art/Environments/ItacaReturn/Gameplay/ithaca_grass_ground_top.png	32	32	13	0	1	42.857143	1	0	0	Level_14_Itaca_Return
Assets/Art/Environments/ItacaReturn/Gameplay/ithaca_stone_ground_body.png	32	32	6	0	1	42.857143	1	0	0	Level_14_Itaca_Return,Level_15_Pretendentes,cs:FinalSceneDresser,cs:PretendentesSceneDresser
Assets/Art/Environments/ItacaReturn/Gameplay/ithaca_stone_ground_top.png	32	32	12	0	1	42.857143	1	0	0	Level_14_Itaca_Return,Level_15_Pretendentes,cs:FinalSceneDresser,cs:PretendentesSceneDresser
Assets/Art/Environments/ItacaReturn/Harbor/itaca_ret_boat_derelict.png	319	113	13	0	1	42.857143	1	0	0	Level_14_Itaca_Return,cs:ItacaReturnSceneDresser
Assets/Art/Environments/ItacaReturn/Midground/itaca_ret_village_band.png	1342	204	57	0	1	42.857143	1	0	0	Level_14_Itaca_Return,cs:ItacaReturnSceneDresser
Assets/Art/Environments/ItacaReturn/Props/itaca_ret_brazier.png	125	190	89	0	1	42.857143	1	0	0	Level_14_Itaca_Return,Level_15_Pretendentes,cs:FinalSceneDresser,cs:ItacaReturnSceneDresser,cs:PretendentesSceneDresser
Assets/Art/Environments/ItacaReturn/VFX/itaca_ret_dusk_gradient.png	256	8	1	100	8	42.857143	1	0	0	Level_14_Itaca_Return,cs:ItacaReturnSceneDresser
Assets/Art/Environments/ItacaReturn/Variations/itaca_ret_fence_broken.png	288	91	15	0	1	42.857143	1	0	0	Level_14_Itaca_Return,cs:ItacaReturnSceneDresser
Assets/Art/Environments/ItacaReturn/Variations/itaca_ret_house_overgrown.png	242	167	22	0	1	42.857143	1	0	0	Level_14_Itaca_Return,cs:ItacaReturnSceneDresser
Assets/Art/Environments/ItacaReturn/Vegetation/itaca_ret_overgrowth.png	244	76	12	0	1	42.857143	1	0	0	Level_14_Itaca_Return,cs:ItacaReturnSceneDresser
Assets/Art/Environments/ItacaReturn/Village/itaca_ret_market_stall.png	214	211	12	0	1	42.857143	1	0	0	Level_14_Itaca_Return,cs:ItacaReturnSceneDresser
Assets/Art/Environments/Ithaca/Architecture/ithaca_column_01.png	28	107	5	0	1	42.857143	1	0	0	Level_14_Itaca_Return,Level_15_Pretendentes,cs:FinalSceneDresser,cs:ItacaReturnSceneDresser,cs:PretendentesSceneDresser,cs:PrologueSceneBuilder
Assets/Art/Environments/Ithaca/Architecture/ithaca_gate_01.png	103	214	9	0	1	42.857143	1	0	0	Level_01_Itaca_Prologue,Level_14_Itaca_Return,Level_15_Pretendentes,cs:ItacaReturnSceneDresser,cs:PretendentesSceneDresser,cs:PrologueSceneBuilder
Assets/Art/Environments/Ithaca/Architecture/ithaca_gatepost_01.png	28	221	5	0	15	42.857143	1	0	0	Level_01_Itaca_Prologue,cs:PrologueSceneBuilder
Assets/Art/Environments/Ithaca/Architecture/ithaca_house_odysseus_01.png	314	187	13	0	1	42.857143	1	0	0	Level_14_Itaca_Return,cs:ItacaReturnSceneDresser,cs:PrologueSceneBuilder
Assets/Art/Environments/Ithaca/Architecture/ithaca_house_small_01.png	186	131	13	0	1	42.857143	1	0	0	Level_01_Itaca_Prologue,Level_14_Itaca_Return,cs:ItacaReturnSceneDresser,cs:PrologueSceneBuilder
Assets/Art/Environments/Ithaca/Architecture/ithaca_palace_01.png	762	300	12	0	1	42.857143	1	0	0	Level_01_Itaca_Prologue,Level_14_Itaca_Return,cs:ItacaReturnSceneDresser,cs:PrologueSceneBuilder
Assets/Art/Environments/Ithaca/Architecture/ithaca_wall_low_01.png	58	34	8	0	1	42.857143	1	0	0	Level_01_Itaca_Prologue,Level_14_Itaca_Return,cs:ItacaReturnSceneDresser,cs:PrologueSceneBuilder
Assets/Art/Environments/Ithaca/Architecture/ithaca_warehouse_01.png	739	142	12	0	1	42.857143	1	0	0	Level_01_Itaca_Prologue,Level_14_Itaca_Return,cs:ItacaReturnSceneDresser,cs:PrologueSceneBuilder
Assets/Art/Environments/Ithaca/Architecture/ithaca_watchtower_01.png	68	211	10	0	1	42.857143	1	0	0	Level_01_Itaca_Prologue,cs:PrologueSceneBuilder
Assets/Art/Environments/Ithaca/Arsenal/ithaca_arrows_bundle_01.png	32	40	16	0	1	42.857143	1	0	0	Level_01_Itaca_Prologue,Level_15_Pretendentes,cs:FinalSceneDresser,cs:PretendentesSceneDresser,cs:PrologueSceneBuilder
Assets/Art/Environments/Ithaca/Arsenal/ithaca_shield_round_01.png	40	40	9	0	1	42.857143	1	0	0	Level_01_Itaca_Prologue,Level_15_Pretendentes,cs:PretendentesSceneDresser,cs:PrologueSceneBuilder
Assets/Art/Environments/Ithaca/Arsenal/ithaca_spear_01.png	32	88	12	0	1	42.857143	1	0	0	Level_01_Itaca_Prologue,Level_15_Pretendentes,cs:PretendentesSceneDresser,cs:PrologueSceneBuilder
Assets/Art/Environments/Ithaca/Arsenal/ithaca_sword_01.png	32	40	15	0	1	42.857143	1	0	0	Level_01_Itaca_Prologue,cs:PrologueSceneBuilder
Assets/Art/Environments/Ithaca/Background/ithaca_bg_clouds.png	512	128	11	0	1	42.857143	1	0	0	Level_01_Itaca_Prologue,cs:PrologueSceneBuilder
Assets/Art/Environments/Ithaca/Background/ithaca_bg_island_far.png	512	96	2	0	1	42.857143	1	0	0	Level_01_Itaca_Prologue,cs:PrologueSceneBuilder
Assets/Art/Environments/Ithaca/Background/ithaca_bg_mountains_far.png	1022	136	4	0	1	42.857143	1	0	0	Level_01_Itaca_Prologue,Level_14_Itaca_Return,Level_15_Pretendentes,cs:ItacaReturnSceneDresser,cs:PretendentesSceneDresser,cs:PrologueSceneBuilder
Assets/Art/Environments/Ithaca/Background/ithaca_bg_ocean.png	512	128	4	0	1	42.857143	1	0	0	Level_01_Itaca_Prologue,cs:PrologueSceneBuilder
Assets/Art/Environments/Ithaca/Background/ithaca_bg_sky.png	512	256	4	0	1	42.857143	1	0	0	Level_01_Itaca_Prologue,cs:PrologueSceneBuilder
Assets/Art/Environments/Ithaca/Figures/ithaca_villager_elder.png	19	63	16	0	1	42.857143	1	0	0	
Assets/Art/Environments/Ithaca/Figures/ithaca_villager_farmer.png	21	60	20	0	1	42.857143	1	0	0	
Assets/Art/Environments/Ithaca/Figures/ithaca_villager_fisherman.png	17	60	22	0	1	42.857143	1	0	0	
Assets/Art/Environments/Ithaca/Figures/ithaca_villager_sailor.png	17	59	23	0	1	42.857143	1	0	0	
Assets/Art/Environments/Ithaca/Figures/ithaca_villager_soldier.png	15	62	32	0	1	42.857143	1	0	0	
Assets/Art/Environments/Ithaca/Nature/ithaca_bush_01.png	32	25	20	0	1	42.857143	1	0	0	Level_01_Itaca_Prologue,Level_14_Itaca_Return,cs:ItacaReturnSceneDresser,cs:PrologueSceneBuilder
Assets/Art/Environments/Ithaca/Nature/ithaca_field_01.png	176	48	14	0	1	42.857143	1	0	0	Level_01_Itaca_Prologue,cs:PrologueSceneBuilder
Assets/Art/Environments/Ithaca/Nature/ithaca_flowers_01.png	32	32	16	0	1	42.857143	1	0	0	Level_01_Itaca_Prologue,cs:PrologueSceneBuilder
Assets/Art/Environments/Ithaca/Nature/ithaca_grass_tuft_01.png	32	19	17	0	1	42.857143	1	0	0	Level_01_Itaca_Prologue,cs:PrologueSceneBuilder
Assets/Art/Environments/Ithaca/Nature/ithaca_rock_large_01.png	72	64	17	0	1	42.857143	1	0	0	
Assets/Art/Environments/Ithaca/Nature/ithaca_rock_medium_01.png	48	48	17	0	1	42.857143	1	0	0	Level_01_Itaca_Prologue,Level_14_Itaca_Return,cs:ItacaReturnSceneDresser,cs:PrologueSceneBuilder
Assets/Art/Environments/Ithaca/Nature/ithaca_rock_small_01.png	30	29	11	0	1	42.857143	1	0	0	Level_01_Itaca_Prologue,Level_14_Itaca_Return,cs:ItacaReturnSceneDresser,cs:PrologueSceneBuilder
Assets/Art/Environments/Ithaca/Nature/ithaca_tall_grass_01.png	40	40	18	0	1	42.857143	1	0	0	Level_01_Itaca_Prologue,cs:PrologueSceneBuilder
Assets/Art/Environments/Ithaca/Nature/ithaca_tree_cypress_01.png	35	132	12	0	1	42.857143	1	0	0	Level_01_Itaca_Prologue,Level_14_Itaca_Return,cs:ItacaReturnSceneDresser,cs:PrologueSceneBuilder
Assets/Art/Environments/Ithaca/Nature/ithaca_tree_olive_01.png	160	160	21	0	1	42.857143	1	0	0	Level_01_Itaca_Prologue,Level_14_Itaca_Return,cs:ItacaReturnSceneDresser,cs:PrologueSceneBuilder
Assets/Art/Environments/Ithaca/Port/ithaca_anchor_01.png	40	48	15	0	1	42.857143	1	0	0	Level_01_Itaca_Prologue,Level_14_Itaca_Return,cs:ItacaReturnSceneDresser,cs:PrologueSceneBuilder
Assets/Art/Environments/Ithaca/Port/ithaca_boat_hull_01.png	224	96	12	0	1	42.857143	1	0	0	Level_01_Itaca_Prologue,cs:PrologueSceneBuilder
Assets/Art/Environments/Ithaca/Port/ithaca_buoy_01.png	32	32	12	0	1	42.857143	1	0	0	
Assets/Art/Environments/Ithaca/Port/ithaca_dock_post_01.png	32	64	17	0	1	42.857143	1	0	0	Level_01_Itaca_Prologue,Level_14_Itaca_Return,cs:ItacaReturnSceneDresser,cs:PrologueSceneBuilder
Assets/Art/Environments/Ithaca/Port/ithaca_fishing_net_01.png	48	48	22	0	1	42.857143	1	0	0	Level_01_Itaca_Prologue,Level_14_Itaca_Return,cs:ItacaReturnSceneDresser,cs:PrologueSceneBuilder
Assets/Art/Environments/Ithaca/Props/ithaca_amphora_01.png	32	40	10	0	1	42.857143	1	0	0	Level_01_Itaca_Prologue,Level_14_Itaca_Return,Level_15_Pretendentes,cs:ItacaReturnSceneDresser,cs:PretendentesSceneDresser,cs:PrologueSceneBuilder
Assets/Art/Environments/Ithaca/Props/ithaca_anvil_01.png	64	48	18	0	1	42.857143	1	0	0	Level_01_Itaca_Prologue,cs:PrologueSceneBuilder
Assets/Art/Environments/Ithaca/Props/ithaca_barrel_01.png	32	40	13	0	1	42.857143	1	0	0	Level_01_Itaca_Prologue,Level_14_Itaca_Return,Level_15_Pretendentes,cs:ItacaReturnSceneDresser,cs:PretendentesSceneDresser,cs:PrologueSceneBuilder
Assets/Art/Environments/Ithaca/Props/ithaca_basket_01.png	32	32	14	0	1	42.857143	1	0	0	Level_01_Itaca_Prologue,cs:PrologueSceneBuilder
Assets/Art/Environments/Ithaca/Props/ithaca_bench_01.png	64	32	11	0	1	42.857143	1	0	0	Level_01_Itaca_Prologue,Level_14_Itaca_Return,cs:ItacaReturnSceneDresser,cs:PrologueSceneBuilder
Assets/Art/Environments/Ithaca/Props/ithaca_cart_01.png	80	56	16	0	1	42.857143	1	0	0	Level_01_Itaca_Prologue,Level_14_Itaca_Return,cs:ItacaReturnSceneDresser,cs:PrologueSceneBuilder
Assets/Art/Environments/Ithaca/Props/ithaca_crate_01.png	32	32	17	0	1	42.857143	1	0	0	Level_01_Itaca_Prologue,Level_14_Itaca_Return,Level_15_Pretendentes,cs:ItacaReturnSceneDresser,cs:PretendentesSceneDresser,cs:PrologueSceneBuilder
Assets/Art/Environments/Ithaca/Props/ithaca_fence_01.png	48	40	14	0	1	42.857143	1	0	0	Level_14_Itaca_Return,cs:ItacaReturnSceneDresser
Assets/Art/Environments/Ithaca/Props/ithaca_forge_01.png	96	80	11	0	1	42.857143	1	0	0	Level_01_Itaca_Prologue,cs:PrologueSceneBuilder
Assets/Art/Environments/Ithaca/Props/ithaca_loom_01.png	80	96	13	0	1	42.857143	1	0	0	Level_01_Itaca_Prologue,cs:PrologueSceneBuilder
Assets/Art/Environments/Ithaca/Props/ithaca_rope_coil_01.png	32	32	7	0	1	42.857143	1	0	0	Level_01_Itaca_Prologue,Level_14_Itaca_Return,cs:ItacaReturnSceneDresser,cs:PrologueSceneBuilder
Assets/Art/Environments/Ithaca/Props/ithaca_table_01.png	64	40	15	0	1	42.857143	1	0	0	Level_15_Pretendentes,cs:PretendentesSceneDresser
Assets/Art/Environments/Ithaca/Props/ithaca_torch_01.png	32	48	60	0	1	42.857143	1	0	0	
Assets/Art/Environments/Ithaca/Ships/ithaca_ship_01.png	391	257	13	0	1	42.857143	1	0	0	Level_01_Itaca_Prologue,cs:IthacaEnvironmentProbe,cs:PrologueSceneBuilder
Assets/Art/Environments/Ithaca/Ships/ithaca_ship_01_furled.png	391	257	13	0	1	42.857143	1	0	0	Level_01_Itaca_Prologue,Level_14_Itaca_Return,cs:ItacaReturnSceneDresser,cs:PrologueSceneBuilder
Assets/Art/Environments/Ithaca/Terrain/ithaca_tiles_earth.png	128	128	8	0	1	42.857143	2	16	0	Level_01_Itaca_Prologue,cs:PrologueSceneBuilder
Assets/Art/Environments/Ithaca/Terrain/ithaca_tiles_grass.png	128	128	15	0	1	42.857143	2	16	0	Level_01_Itaca_Prologue,cs:PrologueSceneBuilder
Assets/Art/Environments/Ithaca/Terrain/ithaca_tiles_stone.png	128	128	16	0	1	42.857143	2	16	0	Level_01_Itaca_Prologue,cs:PrologueSceneBuilder
Assets/Art/Environments/Ithaca/Terrain/ithaca_tiles_wood.png	128	128	8	0	1	42.857143	2	16	0	Level_01_Itaca_Prologue,cs:PrologueSceneBuilder
Assets/Art/Environments/Ithaca/Training/ithaca_practice_post_01.png	32	80	22	0	1	42.857143	1	0	0	Level_15_Pretendentes,cs:PretendentesSceneDresser
Assets/Art/Environments/Ithaca/Training/ithaca_training_dummy_01.png	48	72	11	0	1	42.857143	1	0	0	Level_01_Itaca_Prologue,Level_15_Pretendentes,cs:PretendentesSceneDresser,cs:PrologueSceneBuilder
Assets/Art/Environments/Ithaca/Training/ithaca_training_target_01.png	48	56	15	0	1	42.857143	1	0	0	Level_01_Itaca_Prologue,Level_15_Pretendentes,cs:PretendentesSceneDresser,cs:PrologueSceneBuilder
Assets/Art/Environments/Ithaca/Training/ithaca_weapon_rack_01.png	56	64	20	0	1	42.857143	1	0	0	Level_01_Itaca_Prologue,Level_15_Pretendentes,cs:PretendentesSceneDresser,cs:PrologueSceneBuilder
Assets/Art/Environments/Lestrigoes/Background/lestrigoes_bg_cliffs.png	512	256	3	0	1	42.857143	1	0	0	Level_07_Lestrigoes,cs:LestrigoesSceneDresser
Assets/Art/Environments/Lestrigoes/Background/lestrigoes_bg_hills.png	512	128	2	0	1	42.857143	1	0	0	Level_07_Lestrigoes,cs:LestrigoesSceneDresser
Assets/Art/Environments/Lestrigoes/Background/lestrigoes_bg_mountains.png	512	160	2	0	1	42.857143	1	0	0	Level_07_Lestrigoes,cs:LestrigoesSceneDresser
Assets/Art/Environments/Lestrigoes/Background/lestrigoes_bg_sea.png	512	96	4	0	1	42.857143	1	0	0	Level_07_Lestrigoes,cs:LestrigoesSceneDresser
Assets/Art/Environments/Lestrigoes/Background/lestrigoes_bg_sky.png	512	512	4	0	1	42.857143	1	0	0	Level_07_Lestrigoes,cs:LestrigoesSceneDresser
Assets/Art/Environments/Lestrigoes/City/lestrigoes_giant_house.png	256	320	20	0	1	42.857143	1	0	0	Level_07_Lestrigoes,cs:LestrigoesSceneDresser
Assets/Art/Environments/Lestrigoes/City/lestrigoes_watchtower.png	192	303	22	0	1	42.857143	1	0	0	Level_07_Lestrigoes,cs:LestrigoesSceneDresser
Assets/Art/Environments/Lestrigoes/Gameplay/lestrigoes_stone_stair.png	288	224	19	0	1	42.857143	1	0	0	Level_07_Lestrigoes,cs:LestrigoesSceneDresser
Assets/Art/Environments/Lestrigoes/Gameplay/lestrigoes_tiles_planks.png	510	128	23	0	1	42.857143	1	0	0	Level_07_Lestrigoes,cs:LestrigoesSceneDresser
Assets/Art/Environments/Lestrigoes/Gameplay/lestrigoes_tiles_quay.png	510	160	23	0	1	42.857143	1	0	0	Level_07_Lestrigoes,cs:LestrigoesSceneDresser
Assets/Art/Environments/Lestrigoes/Gameplay/lestrigoes_tiles_rock.png	510	160	5	0	1	42.857143	1	0	0	Level_07_Lestrigoes,cs:LestrigoesSceneDresser
Assets/Art/Environments/Lestrigoes/Harbor/lestrigoes_broken_ship.png	326	151	18	0	1	42.857143	1	0	0	Level_07_Lestrigoes,cs:LestrigoesSceneDresser
Assets/Art/Environments/Lestrigoes/Harbor/lestrigoes_giant_crates.png	288	224	15	0	1	42.857143	1	0	0	Level_07_Lestrigoes,cs:LestrigoesSceneDresser
Assets/Art/Environments/Lestrigoes/Harbor/lestrigoes_mooring.png	160	224	28	0	1	42.857143	1	0	0	Level_07_Lestrigoes,cs:LestrigoesSceneDresser
Assets/Art/Environments/Lestrigoes/Midground/lestrigoes_cliff_wall.png	510	256	5	0	1	42.857143	1	0	0	Level_07_Lestrigoes,cs:LestrigoesSceneDresser
Assets/Art/Environments/Lestrigoes/Midground/lestrigoes_giant_wall.png	510	192	5	0	1	42.857143	1	0	0	Level_07_Lestrigoes,cs:LestrigoesSceneDresser
Assets/Art/Environments/Lestrigoes/Props/lestrigoes_coastal_scrub.png	160	128	22	0	1	42.857143	1	0	0	Level_07_Lestrigoes,cs:LestrigoesSceneDresser
Assets/Art/Environments/MundoDosMortos/Background/mortos_cavern_far.png	512	256	3	0	1	42.857143	1	0	0	Level_09_MundoDosMortos,cs:MundoDosMortosSceneDresser
Assets/Art/Environments/MundoDosMortos/Gameplay/mortos_tiles_cavefloor.png	510	160	20	0	1	42.857143	1	0	0	
Assets/Art/Environments/MundoDosMortos/Gameplay/mortos_tiles_cavefloor_edge.png	510	77	47	0	1	42.857143	1	0	0	Level_09_MundoDosMortos,cs:MundoDosMortosSceneDresser
Assets/Art/Environments/MundoDosMortos/Gameplay/mortos_tiles_ruinfloor.png	510	121	20	0	1	42.857143	1	0	0	
Assets/Art/Environments/MundoDosMortos/Gameplay/mortos_tiles_ruinfloor_edge.png	510	77	59	0	1	42.857143	1	0	0	Level_09_MundoDosMortos,cs:MundoDosMortosSceneDresser
Assets/Art/Environments/MundoDosMortos/Midground/mortos_cavern_wall.png	510	256	5	0	1	42.857143	1	0	0	Level_09_MundoDosMortos,cs:MundoDosMortosSceneDresser
Assets/Art/Environments/MundoDosMortos/Midground/mortos_stalactites.png	510	128	5	0	1	42.857143	1	0	0	Level_09_MundoDosMortos,cs:MundoDosMortosSceneDresser
Assets/Art/Environments/MundoDosMortos/Props/mortos_brazier_tall.png	128	256	28	0	1	42.857143	1	0	0	Level_09_MundoDosMortos,cs:MundoDosMortosSceneDresser
Assets/Art/Environments/MundoDosMortos/Props/mortos_dead_tree.png	224	288	20	0	1	42.857143	1	0	0	Level_09_MundoDosMortos,cs:MundoDosMortosSceneDresser
Assets/Art/Environments/MundoDosMortos/Props/mortos_shore_rocks.png	192	112	20	0	1	42.857143	1	0	0	Level_09_MundoDosMortos,cs:MundoDosMortosSceneDresser
Assets/Art/Environments/MundoDosMortos/River/mortos_river_band.png	512	128	5	0	1	42.857143	1	0	0	Level_09_MundoDosMortos,cs:MundoDosMortosSceneDresser
Assets/Art/Environments/MundoDosMortos/Ruins/mortos_broken_column.png	128	288	16	0	1	42.857143	1	0	0	Level_09_MundoDosMortos,cs:MundoDosMortosSceneDresser
Assets/Art/Environments/MundoDosMortos/Ruins/mortos_broken_statue.png	160	288	20	0	1	42.857143	1	0	0	Level_09_MundoDosMortos,cs:MundoDosMortosSceneDresser
Assets/Art/Environments/MundoDosMortos/Ruins/mortos_ruined_wall.png	288	224	20	0	1	42.857143	1	0	0	Level_09_MundoDosMortos,cs:MundoDosMortosSceneDresser
Assets/Art/Environments/MundoDosMortos/Ruins/mortos_stone_gate.png	278	292	19	0	1	42.857143	1	0	0	Level_09_MundoDosMortos,cs:MundoDosMortosSceneDresser
Assets/Art/Environments/MundoDosMortos/Souls/mortos_soul_lights.png	256	256	1	100	1	42.857143	1	0	0	Level_09_MundoDosMortos,cs:MundoDosMortosSceneDresser
Assets/Art/Environments/MundoDosMortos/Special/mortos_altar.png	256	192	22	0	1	42.857143	1	0	0	Level_09_MundoDosMortos,cs:MundoDosMortosSceneDresser
Assets/Art/Environments/MundoDosMortos/VFX/mortos_mist.png	512	128	1	100	1	42.857143	1	0	0	Level_09_MundoDosMortos,cs:MundoDosMortosSceneDresser
Assets/Art/Environments/Pretendentes/Banquet/pret_amphora_group.png	169	107	10	0	1	42.857143	1	0	0	Level_15_Pretendentes,cs:PretendentesSceneDresser
Assets/Art/Environments/Pretendentes/Banquet/pret_banquet_table.png	368	128	25	0	1	42.857143	1	0	0	Level_15_Pretendentes,cs:PretendentesSceneDresser
Assets/Art/Environments/Pretendentes/Banquet/pret_bench_toppled.png	183	90	11	0	1	42.857143	1	0	0	Level_15_Pretendentes,cs:PretendentesSceneDresser
Assets/Art/Environments/Pretendentes/Banquet/pret_spilled_feast.png	217	70	26	0	1	42.857143	1	0	0	Level_15_Pretendentes,cs:PretendentesSceneDresser
Assets/Art/Environments/Pretendentes/Courtyard/pret_cooking_fire.png	206	174	23	0	1	42.857143	1	0	0	Level_15_Pretendentes,cs:PretendentesSceneDresser
Assets/Art/Environments/Pretendentes/Courtyard/pret_courtyard_wall_band.png	1342	288	19	0	1	42.857143	1	0	0	Level_15_Pretendentes,cs:PretendentesSceneDresser
Assets/Art/Environments/Pretendentes/GreatHall/pret_hall_wall_band.png	1342	320	17	0	1	42.857143	1	0	0	Level_15_Pretendentes,cs:FinalSceneDresser,cs:PretendentesSceneDresser
Assets/Art/Environments/Pretendentes/GreatHall/pret_throne.png	178	221	20	0	1	42.857143	1	0	0	Level_15_Pretendentes,cs:FinalSceneDresser,cs:PretendentesSceneDresser
Assets/Art/Environments/Pretendentes/Invasion/pret_banner.png	80	232	17	0	1	42.857143	1	0	0	Level_14_Itaca_Return,Level_15_Pretendentes,cs:ItacaReturnSceneDresser,cs:PretendentesSceneDresser
Assets/Art/Environments/Pretendentes/Invasion/pret_barricade.png	289	167	12	0	1	42.857143	1	0	0	Level_14_Itaca_Return,Level_15_Pretendentes,cs:ItacaReturnSceneDresser,cs:PretendentesSceneDresser
Assets/Art/Environments/Pretendentes/Invasion/pret_suitor_ship.png	345	195	10	0	1	42.857143	1	0	0	Level_14_Itaca_Return,cs:ItacaReturnSceneDresser
Assets/Art/Environments/Pretendentes/VFX/pret_firelight_gradient.png	256	8	1	100	8	42.857143	1	0	0	Level_15_Pretendentes,cs:PretendentesSceneDresser
Assets/Art/Environments/Pretendentes/VFX/pret_torch_stand.png	37	197	12	0	1	42.857143	1	0	0	Level_14_Itaca_Return,Level_15_Pretendentes,cs:ItacaReturnSceneDresser,cs:PretendentesSceneDresser
Assets/Art/Environments/Sereias/Background/sereias_bg_islets.png	512	192	42	0	1	42.857143	1	0	0	Level_10_Sereias,cs:SereiasSceneDresser
Assets/Art/Environments/Sereias/Background/sereias_bg_sea.png	512	190	37	0	1	42.857143	1	0	0	Level_10_Sereias,cs:SereiasSceneDresser
Assets/Art/Environments/Sereias/Beach/sereias_sea_grass.png	128	96	9	0	1	42.857143	1	0	0	Level_10_Sereias,cs:SereiasSceneDresser
Assets/Art/Environments/Sereias/Beach/sereias_shore_stones.png	192	96	9	0	1	42.857143	1	0	0	Level_10_Sereias,cs:SereiasSceneDresser
Assets/Art/Environments/Sereias/Gameplay/sereias_tiles_rock.png	1022	151	11	0	1	42.857143	1	0	0	Level_10_Sereias,cs:SereiasSceneDresser
Assets/Art/Environments/Sereias/Gameplay/sereias_tiles_rock_edge.png	1022	94	30	0	1	42.857143	1	0	0	
Assets/Art/Environments/Sereias/Gameplay/sereias_tiles_sand.png	1022	114	5	0	1	42.857143	1	0	0	Level_10_Sereias,cs:SereiasSceneDresser
Assets/Art/Environments/Sereias/Gameplay/sereias_tiles_sand_edge.png	1022	94	18	0	1	42.857143	1	0	0	
Assets/Art/Environments/Sereias/Midground/sereias_rock_ledges.png	1022	256	18	0	1	42.857143	1	0	0	Level_10_Sereias,cs:SereiasSceneDresser
Assets/Art/Environments/Sereias/Ocean/sereias_foam_line.png	1022	64	4	0	1	42.857143	1	0	0	Level_10_Sereias,cs:SereiasSceneDresser
Assets/Art/Environments/Sereias/Ocean/sereias_water_surface.png	1022	128	9	0	1	42.857143	1	0	0	Level_10_Sereias,cs:SereiasSceneDresser
Assets/Art/Environments/Sereias/Rocks/sereias_boulders.png	224	160	11	0	1	42.857143	1	0	0	Level_10_Sereias,cs:SereiasSceneDresser
Assets/Art/Environments/Sereias/Rocks/sereias_rock_spire.png	128	256	13	0	1	42.857143	1	0	0	Level_10_Sereias,cs:SereiasSceneDresser
Assets/Art/Environments/Sereias/Ruins/sereias_fallen_column.png	256	96	11	0	1	42.857143	1	0	0	Level_10_Sereias,cs:SereiasSceneDresser
Assets/Art/Environments/Sereias/Ruins/sereias_shrine.png	256	210	12	0	1	42.857143	1	0	0	Level_10_Sereias,cs:SereiasSceneDresser
Assets/Art/Environments/Sereias/Shipwrecks/sereias_wreck_hull.png	320	160	11	0	1	42.857143	1	0	0	Level_10_Sereias,cs:SereiasSceneDresser
Assets/Art/Environments/Sereias/Shipwrecks/sereias_wreck_ribs.png	256	128	15	0	1	42.857143	1	0	0	Level_10_Sereias,cs:SereiasSceneDresser
Assets/Art/Environments/Sereias/Special/sereias_song.png	512	320	3	100	1	42.857143	1	0	0	Level_10_Sereias,cs:SereiasSceneDresser
Assets/Art/Environments/Sereias/VFX/sereias_haze.png	512	192	1	100	512	42.857143	1	0	0	cs:SereiasSceneDresser
Assets/Art/Environments/Troy/Architecture/troy_gate_01.png	318	437	19	0	1	42.857143	1	0	0	Level_02_Troia,cs:TroySceneDresser
Assets/Art/Environments/Troy/Architecture/troy_tower_01.png	192	574	14	0	1	42.857143	1	0	0	Level_02_Troia,cs:TroySceneDresser
Assets/Art/Environments/Troy/Architecture/troy_wall_section_01.png	510	509	15	0	1	42.857143	1	0	0	Level_02_Troia,cs:TroySceneDresser
Assets/Art/Environments/Troy/Background/troy_bg_city.png	512	176	2	0	4	42.857143	1	0	0	Level_02_Troia,cs:TroySceneDresser
Assets/Art/Environments/Troy/Background/troy_bg_haze.png	512	96	3	0	1	42.857143	1	0	0	
Assets/Art/Environments/Troy/Background/troy_bg_sky.png	512	256	4	0	1	42.857143	1	0	0	Level_02_Troia,cs:TroySceneDresser
Assets/Art/Environments/Troy/Camp/troy_banner_pole_01.png	37	189	20	0	1	42.857143	1	0	0	Level_02_Troia,cs:TroySceneDresser
Assets/Art/Environments/Troy/Camp/troy_barricade_01.png	123	79	14	0	1	42.857143	1	0	0	Level_02_Troia,Level_03_Cicones,Level_07_Lestrigoes,cs:CiconesSceneDresser,cs:LestrigoesSceneDresser,cs:TroySceneDresser
Assets/Art/Environments/Troy/Camp/troy_broken_shield_01.png	70	55	19	0	1	42.857143	1	0	0	Level_02_Troia,Level_03_Cicones,cs:CiconesSceneDresser,cs:TroySceneDresser
Assets/Art/Environments/Troy/Camp/troy_campfire_01.png	66	84	26	0	1	42.857143	1	0	0	Level_02_Troia,Level_03_Cicones,Level_07_Lestrigoes,cs:CiconesSceneDresser,cs:LestrigoesSceneDresser,cs:TroySceneDresser
Assets/Art/Environments/Troy/Camp/troy_spear_cluster_01.png	90	109	20	0	1	42.857143	1	0	0	Level_02_Troia,Level_03_Cicones,cs:CiconesSceneDresser,cs:TroySceneDresser
Assets/Art/Environments/Troy/Camp/troy_supply_pile_01.png	99	88	19	0	1	42.857143	1	0	0	Level_02_Troia,Level_03_Cicones,cs:CiconesSceneDresser,cs:TroySceneDresser
Assets/Art/Environments/Troy/Camp/troy_tent_large_01.png	155	103	24	0	1	42.857143	1	0	0	Level_02_Troia,cs:TroySceneDresser
Assets/Art/Environments/Troy/Camp/troy_tent_small_01.png	106	67	21	0	1	42.857143	1	0	0	Level_02_Troia,cs:TroySceneDresser
Assets/Art/Environments/Troy/Effects/troy_dry_bush_01.png	38	34	5	0	1	42.857143	1	0	0	Level_02_Troia,cs:TroySceneDresser
Assets/Art/Environments/Troy/Effects/troy_dust_cloud_01.png	116	30	5	0	1	42.857143	1	0	0	
Assets/Art/Environments/Troy/Effects/troy_foreground_rocks_01.png	157	91	5	0	1	42.857143	1	0	0	Level_02_Troia,cs:TroySceneDresser
Assets/Art/Environments/Troy/Effects/troy_rubble_pile_01.png	124	77	5	0	1	42.857143	1	0	0	Level_02_Troia,Level_03_Cicones,Level_07_Lestrigoes,cs:CiconesSceneDresser,cs:LestrigoesSceneDresser,cs:TroySceneDresser
Assets/Art/Environments/Troy/Effects/troy_siege_ladder_01.png	126	310	5	0	1	42.857143	1	0	0	Level_02_Troia,cs:TroySceneDresser
Assets/Art/Environments/Troy/Effects/troy_smoke_column_01.png	56	212	5	0	1	42.857143	1	0	0	Level_02_Troia,Level_03_Cicones,Level_07_Lestrigoes,cs:CiconesSceneDresser,cs:LestrigoesSceneDresser,cs:TroySceneDresser
Assets/Art/Environments/Troy/Terrain/troy_tiles_earth.png	128	128	4	0	1	42.857143	2	16	0	Level_02_Troia,cs:TroySceneDresser
Assets/Art/Environments/Troy/Terrain/troy_tiles_stone.png	128	128	5	0	1	42.857143	2	16	0	
Assets/Art/Environments/Troy/Terrain/troy_tiles_wood.png	128	128	4	0	1	42.857143	2	16	0	
Assets/Art/Odisseia/Backgrounds/BG_Fase01_Greece_Far.png	1530	217	5000+	0	1	22	1	0	0	Level_02_Troia,cs:PrologueSceneBuilder
Assets/Art/Odisseia/Backgrounds/BG_Fase01_Greece_Mid.png	1530	87	5000+	0	1	22	1	0	0	Level_02_Troia,cs:PrologueSceneBuilder
Assets/Art/Odisseia/Backgrounds/BG_Fase01_Greece_Near.png	1530	91	5000+	0	1	22	1	0	0	Level_02_Troia,cs:PrologueSceneBuilder
Assets/Art/Odisseia/Backgrounds/BG_Fase02_Island_Far.png	1530	217	5000+	0	1	22	1	0	0	Level_03_Lotofagos
Assets/Art/Odisseia/Backgrounds/BG_Fase02_Island_Mid.png	1530	87	5000+	0	1	22	1	0	0	Level_03_Lotofagos
Assets/Art/Odisseia/Backgrounds/BG_Fase02_Island_Near.png	1530	91	5000+	0	1	22	1	0	0	Level_03_Lotofagos
Assets/Art/Odisseia/Backgrounds/BG_Fase03_Underworld_Far.png	1530	217	5000+	0	1	22	1	0	0	Level_09_MundoDosMortos
Assets/Art/Odisseia/Backgrounds/BG_Fase03_Underworld_Mid.png	1530	87	5000+	0	1	22	1	0	0	Level_09_MundoDosMortos
Assets/Art/Odisseia/Backgrounds/BG_Fase03_Underworld_Near.png	1530	91	5000+	0	1	22	1	0	0	Level_09_MundoDosMortos
Assets/Art/Odisseia/Characters/NPCs/CHR_NPC_Alcinous.png	80	177	5000+	0	1	136	1	0	0	Level_13_Feacios
Assets/Art/Odisseia/Characters/NPCs/CHR_NPC_Bard.png	78	172	5000+	0	1	132	1	0	0	Level_13_Feacios
Assets/Art/Odisseia/Characters/NPCs/CHR_NPC_Eumaeus.png	74	160	5000+	0	1	123	1	0	0	
Assets/Art/Odisseia/Characters/NPCs/CHR_NPC_Nausicaa.png	79	181	5000+	0	1	139	1	0	0	Level_13_Feacios
Assets/Art/Odisseia/Characters/NPCs/CHR_NPC_Penelope.png	74	168	5000+	0	1	129	1	0	0	
Assets/Art/Odisseia/Characters/NPCs/CHR_NPC_Telemachus.png	70	182	5000+	0	1	140	1	0	0	
Assets/Art/Odisseia/Characters/odysseus_arrow.png	30	9	11	0	1	42.857143	1	0	0	Arrow
Assets/Art/Odisseia/Props/PROP_Checkpoint_Ativo.png	138	183	20	0	1	131	1	0	0	Checkpoint
Assets/Art/Odisseia/Props/PROP_Checkpoint_Inativo.png	138	183	19	0	1	131	1	0	0	Checkpoint
Assets/Art/Odisseia/UI/MainMenu/BG_MainMenu.png	1536	1024	5000+	0	1	100	1	1	0	MainMenu,cs:LevelSelectSceneBuilder,cs:MainMenuArtGenerator,cs:MainMenuLayoutProbe
Assets/Art/Player/PlaceholderSquare.png	8	8	1	0	8	8	1	1	0	ArrowPickup,LevelGoal,Player,WorldMapNode,WorldMapPathSegment,GameAssets,Level_01_Itaca_Prologue,Level_02_Troia,Level_03_Cicones,Level_04_Citera,Level_05_Ciclopes,Level_06_Eolo,Level_07_Lestrigoes,Level_08_Circe,Level_09_MundoDosMortos,Level_10_Sereias,Level_11_CilaCaribdis,Level_12_GadoDoSol,Level_13_Calipso,Level_14_Itaca_Return,Level_15_Pretendentes,Level_16_Final,Ending,WorldMap,Level_03_Lotofagos,Level_13_Feacios,cs:CalipsoSceneDresser,cs:CiclopesSceneDresser,cs:CiconesSceneDresser,cs:CilaCaribdisSceneDresser,cs:CirceSceneDresser,cs:CyteraSceneDresser,cs:EoloSceneDresser,cs:FinalSceneDresser,cs:GadoDoSolSceneDresser,cs:ItacaReturnSceneDresser,cs:LestrigoesSceneDresser,cs:MundoDosMortosSceneDresser,cs:PlaceholderProbe,cs:PretendentesSceneDresser,cs:PrologueSceneBuilder,cs:SereiasSceneDresser,cs:TroySceneDresser
Assets/Art/map/mapa.png	1674	940	5000+	0	1	100	1	1	0	LevelSelect,cs:LevelSelectSceneBuilder
Assets/Resources/Odisseia/Characters/CHR_Odysseus.png	756	1344	423	0	1	42.857143	2	98	0	Player,Level_01_Itaca_Prologue,cs:LocomotionProbe,cs:OdysseusSheetProbe,cs:PrologueSceneBuilder,cs:ShieldArtFix,cs:SpriteAnimator
Assets/Resources/Odisseia/Characters/NPCs/CHR_Aeolus.png	270	72	83	0	1	42.857143	2	6	0	Level_06_Eolo,cs:AeolusCastDresser
Assets/Resources/Odisseia/Characters/NPCs/CHR_Anticleia.png	168	60	48	0	1	42.857143	2	6	0	Level_09_MundoDosMortos,cs:UnderworldCastDresser
Assets/Resources/Odisseia/Characters/NPCs/CHR_Calypso.png	360	62	93	0	1	42.857143	2	10	0	Level_13_Calipso,cs:CalypsoCastDresser
Assets/Resources/Odisseia/Characters/NPCs/CHR_Circe.png	203	63	88	0	1	42.857143	2	7	0	Level_08_Circe,cs:CirceCastDresser
Assets/Resources/Odisseia/Characters/NPCs/CHR_Eumaeus.png	192	59	58	0	1	42.857143	2	6	0	Level_14_Itaca_Return,cs:IthacaReturnCastDresser
Assets/Resources/Odisseia/Characters/NPCs/CHR_Greek_Soldier_Mycenae.png	174	66	75	0	1	42.857143	2	6	0	Level_02_Troia,cs:TroyCastDresser
Assets/Resources/Odisseia/Characters/NPCs/CHR_Herald_Mycenae.png	180	65	81	0	1	42.857143	2	6	0	Level_01_Itaca_Prologue
Assets/Resources/Odisseia/Characters/NPCs/CHR_Penelope.png	126	60	54	0	1	42.857143	2	6	0	Level_01_Itaca_Prologue,Level_15_Pretendentes,cs:IthacaReturnCastDresser
Assets/Resources/Odisseia/Characters/NPCs/CHR_Shade.png	150	59	41	0	1	42.857143	2	6	0	Level_09_MundoDosMortos,cs:UnderworldCastDresser
Assets/Resources/Odisseia/Characters/NPCs/CHR_Siren.png	264	63	80	0	1	42.857143	2	6	0	Level_10_Sereias,cs:SirenCastDresser
Assets/Resources/Odisseia/Characters/NPCs/CHR_Siren_Sea.png	264	63	80	0	1	42.857143	2	6	0	Level_10_Sereias,cs:SirenCastDresser
Assets/Resources/Odisseia/Characters/NPCs/CHR_Siren_Violet.png	264	63	80	0	1	42.857143	2	6	0	Level_10_Sereias,cs:SirenCastDresser
Assets/Resources/Odisseia/Characters/NPCs/CHR_Soldier_Ithaca.png	120	64	68	0	1	42.857143	2	6	0	Level_01_Itaca_Prologue
Assets/Resources/Odisseia/Characters/NPCs/CHR_Telemachus_Adult.png	198	65	75	0	1	42.857143	2	6	0	Level_14_Itaca_Return,Level_15_Pretendentes,cs:IthacaReturnCastDresser
Assets/Resources/Odisseia/Characters/NPCs/CHR_Telemachus_Child.png	144	44	62	0	1	42.857143	2	6	0	Level_01_Itaca_Prologue
Assets/Resources/Odisseia/Characters/NPCs/CHR_Trainer_Veteran.png	156	65	83	0	1	42.857143	2	6	0	Level_01_Itaca_Prologue
Assets/Resources/Odisseia/Characters/NPCs/CHR_Villager_Elder.png	116	59	53	0	1	42.857143	2	4	0	
Assets/Resources/Odisseia/Characters/NPCs/CHR_Villager_Elder_Brown.png	116	59	53	0	1	42.857143	2	4	0	Level_01_Itaca_Prologue
Assets/Resources/Odisseia/Characters/NPCs/CHR_Villager_Farmer.png	168	64	72	0	1	42.857143	2	6	0	Level_01_Itaca_Prologue
Assets/Resources/Odisseia/Characters/NPCs/CHR_Villager_Fisherman.png	132	64	48	0	1	42.857143	2	6	0	Level_01_Itaca_Prologue
Assets/Resources/Odisseia/Characters/NPCs/CHR_Villager_Merchant.png	186	64	64	0	1	42.857143	2	6	0	Level_01_Itaca_Prologue
Assets/Resources/Odisseia/Characters/NPCs/CHR_Villager_Sailor.png	120	64	64	0	1	42.857143	2	6	0	Level_01_Itaca_Prologue,Level_04_Citera,cs:CyteraCastDresser
Assets/Resources/Odisseia/Characters/NPCs/CHR_Villager_Sailor_Ochre.png	120	64	64	0	1	42.857143	2	6	0	Level_01_Itaca_Prologue,Level_04_Citera,cs:CyteraCastDresser
Assets/Resources/Odisseia/Characters/NPCs/CHR_Villager_Sailor_Olive.png	120	64	64	0	1	42.857143	2	6	0	Level_01_Itaca_Prologue,Level_04_Citera,cs:CyteraCastDresser
Assets/Resources/Odisseia/Characters/NPCs/CHR_Villager_Woman.png	156	60	44	0	1	42.857143	2	6	0	Level_01_Itaca_Prologue
Assets/Resources/Odisseia/Enemies/CHR_Cicones_Warrior.png	504	244	182	0	1	42.857143	2	25	0	Level_03_Cicones,cs:CiconesCastDresser
Assets/Resources/Odisseia/Enemies/CHR_Circe_Wolf.png	648	240	214	0	1	42.857143	2	25	0	Level_08_Circe,cs:CirceCastDresser
Assets/Resources/Odisseia/Enemies/CHR_Enemy_Basic.png	1968	1017	5000+	23.5	1	100	2	49	0	EnemyBasic,cs:GlobalCastAudit
Assets/Resources/Odisseia/Enemies/CHR_Ithaca_Sparring.png	600	260	188	0	1	42.857143	2	25	0	Level_01_Itaca_Prologue,cs:FinalPolishDresser
Assets/Resources/Odisseia/Enemies/CHR_Lestrigon_Warrior.png	1098	764	103	0	1	42.857143	2	19	0	Level_07_Lestrigoes,cs:LestrigonCastDresser
Assets/Resources/Odisseia/Enemies/CHR_Polyphemus.png	1554	612	78	0	1	42.857143	2	14	0	Level_05_Ciclopes,cs:BossArtDresser,cs:CyclopsCastDresser
Assets/Resources/Odisseia/Enemies/CHR_Scylla.png	1122	579	118	0	1	42.857143	2	14	0	Level_11_CilaCaribdis,cs:ScyllaCastDresser
Assets/Resources/Odisseia/Enemies/CHR_Shade_Warrior.png	536	252	48	0	1	42.857143	2	25	0	Level_09_MundoDosMortos,cs:UnderworldCastDresser
Assets/Resources/Odisseia/Enemies/CHR_Suitor.png	552	244	192	0	1	42.857143	2	25	0	Level_14_Itaca_Return,Level_15_Pretendentes,cs:IthacaReturnCastDresser
Assets/Resources/Odisseia/Enemies/CHR_Trojan_Soldier.png	520	248	150	0	1	42.857143	2	25	0	Level_02_Troia,cs:EnemyFactionOverride,cs:TroyCastDresser
Assets/Resources/Odisseia/Environments/FX_Charybdis.png	860	216	10	0	1	42.857143	2	8	0	Level_11_CilaCaribdis,cs:CilaCaribdisSceneDresser,cs:FinalPolishDresser
Assets/Resources/Odisseia/Items/PROP_Collectible.png	712	93	5000+	14.5	1	100	2	8	0	Collectible
