arquivo	objeto	tipo	comp	ativo	ligado	cor
ArrowPickup.prefab	ArrowPickup	PlaceholderSquare	SpriteRenderer	true	true	0.85,0.72,0.4
LevelGoal.prefab	LevelGoal	PlaceholderSquare	SpriteRenderer	true	true	0.3,0.6,1
Player.prefab	Player/Visual/ShieldVisual	PlaceholderSquare	SpriteRenderer	false	false	0.55,0.72,0.95
WorldMapNode.prefab	WorldMapNode/Visual	PlaceholderSquare	SpriteRenderer	true	true	0.35,0.62,0.95
WorldMapNode.prefab	WorldMapNode/Visual/CompletedMark	PlaceholderSquare	SpriteRenderer	false	true	1,1,1
WorldMapPathSegment.prefab	WorldMapPathSegment	PlaceholderSquare	SpriteRenderer	true	true	0.45,0.45,0.55
Level_01_Itaca_Prologue.unity	World/Floor_Recruit	PlaceholderSquare	SpriteRenderer	true	false	0.55,0.45,0.32
Level_01_Itaca_Prologue.unity	World/Gate_Training/Gate_Training_Door	PlaceholderSquare	SpriteRenderer	true	false	0.42,0.3,0.2
Level_01_Itaca_Prologue.unity	World/Boundary_Left	PlaceholderSquare	SpriteRenderer	true	false	0.36,0.28,0.2
Level_01_Itaca_Prologue.unity	World/Floor_Training	PlaceholderSquare	SpriteRenderer	true	false	0.55,0.45,0.32
Level_01_Itaca_Prologue.unity	World/Training_Platform_2	PlaceholderSquare	SpriteRenderer	true	false	0.72,0.68,0.6
Level_01_Itaca_Prologue.unity	World/Gate_Hall/Gate_Hall_Door	PlaceholderSquare	SpriteRenderer	true	false	0.42,0.3,0.2
Level_01_Itaca_Prologue.unity	World/Background/Sky	PlaceholderSquare	SpriteRenderer	true	true	0.39215687,0.5058824,0.627451
Level_01_Itaca_Prologue.unity	World/Gate_Arsenal/Gate_Arsenal_Door	PlaceholderSquare	SpriteRenderer	true	false	0.42,0.3,0.2
Level_01_Itaca_Prologue.unity	?/Roof	PlaceholderSquare	SpriteRenderer	true	true	0.35,0.22,0.12
Level_01_Itaca_Prologue.unity	World/Floor_Town	PlaceholderSquare	SpriteRenderer	true	false	0.55,0.45,0.32
Level_01_Itaca_Prologue.unity	World/Gate_Recruit/Gate_Recruit_Door	PlaceholderSquare	SpriteRenderer	true	false	0.42,0.3,0.2
Level_01_Itaca_Prologue.unity	World/Pier	PlaceholderSquare	SpriteRenderer	true	false	0.55,0.45,0.32
Level_01_Itaca_Prologue.unity	World/Boundary_Right	PlaceholderSquare	SpriteRenderer	true	false	0.36,0.28,0.2
Level_01_Itaca_Prologue.unity	World/Training_Platform_3	PlaceholderSquare	SpriteRenderer	true	false	0.72,0.68,0.6
Level_01_Itaca_Prologue.unity	World/Training_Platform_1	PlaceholderSquare	SpriteRenderer	true	false	0.72,0.68,0.6
Level_01_Itaca_Prologue.unity	World/Gate_Port/Gate_Port_Door	PlaceholderSquare	SpriteRenderer	true	false	0.42,0.3,0.2
Level_01_Itaca_Prologue.unity	World/Floor_Port	PlaceholderSquare	SpriteRenderer	true	false	0.55,0.45,0.32
Level_01_Itaca_Prologue.unity	World/Floor_Arsenal	PlaceholderSquare	SpriteRenderer	true	false	0.55,0.45,0.32
Level_01_Itaca_Prologue.unity	World/Sea_Deep	PlaceholderSquare	SpriteRenderer	true	true	0.2509804,0.41960785,0.5176471
Level_02_Troia.unity	Wall_Troia	PlaceholderSquare	SpriteRenderer	true	true	0.35,0.32,0.28
Level_02_Troia.unity	Platform_Bridge	PlaceholderSquare	SpriteRenderer	true	true	0.35,0.3,0.18
Level_02_Troia.unity	Floor_1_Spawn	PlaceholderSquare	SpriteRenderer	true	false	0.3,0.25,0.15
Level_02_Troia.unity	Floor_3_Combat	PlaceholderSquare	SpriteRenderer	true	false	0.3,0.25,0.15
Level_02_Troia.unity	Sea_Background	PlaceholderSquare	SpriteRenderer	false	true	0.25,0.45,0.75
Level_02_Troia.unity	Floor_4_Final	PlaceholderSquare	SpriteRenderer	true	false	0.3,0.25,0.15
Level_02_Troia.unity	?/Mast	PlaceholderSquare	SpriteRenderer	true	true	0.3,0.2,0.1
Level_02_Troia.unity	Gauntlet_1	PlaceholderSquare	SpriteRenderer	true	true	0.35,0.3,0.18
Level_02_Troia.unity	Obstacle_Low	PlaceholderSquare	SpriteRenderer	true	true	0.4,0.38,0.3
Level_02_Troia.unity	?/Sail	PlaceholderSquare	SpriteRenderer	true	true	0.92,0.9,0.85
Level_02_Troia.unity	Gauntlet_2	PlaceholderSquare	SpriteRenderer	true	true	0.35,0.3,0.18
Level_02_Troia.unity	Gauntlet_3	PlaceholderSquare	SpriteRenderer	true	true	0.35,0.3,0.18
Level_02_Troia.unity	TroyScenery/Sky_Fill	PlaceholderSquare	SpriteRenderer	true	true	0.39215687,0.5058824,0.627451
Level_02_Troia.unity	Floor_2_Combat	PlaceholderSquare	SpriteRenderer	true	false	0.3,0.25,0.15
Level_03_Cicones.unity	CiconesScenery/Bank_2	PlaceholderSquare	SpriteRenderer	true	true	0.24313726,0.15686275,0.09803922
Level_03_Cicones.unity	?/Lintel	PlaceholderSquare	SpriteRenderer	true	false	0.4,0.4,0.42
Level_03_Cicones.unity	Floor_1	PlaceholderSquare	SpriteRenderer	true	false	0.45,0.38,0.22
Level_03_Cicones.unity	Floor_3	PlaceholderSquare	SpriteRenderer	true	false	0.45,0.38,0.22
Level_03_Cicones.unity	Wall_Village	PlaceholderSquare	SpriteRenderer	true	false	0.4,0.32,0.22
Level_03_Cicones.unity	CiconesScenery/Bank_1	PlaceholderSquare	SpriteRenderer	true	true	0.24313726,0.15686275,0.09803922
Level_03_Cicones.unity	CiconesScenery/Valley_Fill	PlaceholderSquare	SpriteRenderer	true	true	0.24313726,0.15686275,0.09803922
Level_03_Cicones.unity	Obstacle_Low	PlaceholderSquare	SpriteRenderer	true	false	0.4,0.38,0.3
Level_03_Cicones.unity	Sky_Background	PlaceholderSquare	SpriteRenderer	false	true	0.55,0.45,0.3
Level_03_Cicones.unity	CiconesScenery/Sky_Fill	PlaceholderSquare	SpriteRenderer	true	true	0.39215687,0.5058824,0.627451
Level_03_Cicones.unity	CiconesScenery/Bank_0	PlaceholderSquare	SpriteRenderer	true	true	0.24313726,0.15686275,0.09803922
Level_03_Cicones.unity	Floor_2	PlaceholderSquare	SpriteRenderer	true	false	0.45,0.38,0.22
Level_04_Citera.unity	?/Sail	PlaceholderSquare	SpriteRenderer	true	false	0.92,0.9,0.85
Level_04_Citera.unity	?/Mast	PlaceholderSquare	SpriteRenderer	true	false	0.3,0.2,0.1
Level_04_Citera.unity	Deck_Popa	PlaceholderSquare	SpriteRenderer	true	false	0.34,0.23,0.15
Level_04_Citera.unity	CyteraScenery/Sky_Fill	PlaceholderSquare	SpriteRenderer	true	true	0.11764706,0.12941177,0.10980392
Level_04_Citera.unity	Rocha_2	PlaceholderSquare	SpriteRenderer	true	false	0.24,0.26,0.31
Level_04_Citera.unity	Rocha_4	PlaceholderSquare	SpriteRenderer	true	false	0.24,0.26,0.31
Level_04_Citera.unity	Onda_1	PlaceholderSquare	SpriteRenderer	true	false	0.35,0.55,0.72
Level_04_Citera.unity	CyteraScenery/Sea_Fill	PlaceholderSquare	SpriteRenderer	true	true	0.10980392,0.12156863,0.101960786
Level_04_Citera.unity	Onda_2	PlaceholderSquare	SpriteRenderer	true	false	0.35,0.55,0.72
Level_04_Citera.unity	Sky_Background	PlaceholderSquare	SpriteRenderer	true	false	0.1,0.12,0.18
Level_04_Citera.unity	Rocha_1	PlaceholderSquare	SpriteRenderer	true	false	0.24,0.26,0.31
Level_04_Citera.unity	Deck_Proa	PlaceholderSquare	SpriteRenderer	true	false	0.34,0.23,0.15
Level_04_Citera.unity	Rocha_3	PlaceholderSquare	SpriteRenderer	true	false	0.24,0.26,0.31
Level_04_Citera.unity	Mar_Superficie	PlaceholderSquare	SpriteRenderer	true	false	0.1,0.16,0.26
Level_04_Citera.unity	Destroco_1	PlaceholderSquare	SpriteRenderer	true	false	0.42,0.31,0.21
Level_04_Citera.unity	Destroco_2	PlaceholderSquare	SpriteRenderer	true	false	0.42,0.31,0.21
Level_04_Citera.unity	Destroco_3	PlaceholderSquare	SpriteRenderer	true	false	0.42,0.31,0.21
Level_04_Citera.unity	Destroco_4	PlaceholderSquare	SpriteRenderer	true	false	0.42,0.31,0.21
Level_04_Citera.unity	Onda_3	PlaceholderSquare	SpriteRenderer	true	false	0.35,0.55,0.72
Level_04_Citera.unity	Raio_1	PlaceholderSquare	SpriteRenderer	true	false	0.6,0.7,0.9
Level_04_Citera.unity	Raio_2	PlaceholderSquare	SpriteRenderer	true	false	0.6,0.7,0.9
Level_04_Citera.unity	Raio_3	PlaceholderSquare	SpriteRenderer	true	false	0.6,0.7,0.9
Level_04_Citera.unity	Redemoinho/Redemoinho_Anel_1	PlaceholderSquare	SpriteRenderer	true	false	0.3,0.46,0.62
Level_04_Citera.unity	Redemoinho/Redemoinho_Anel_2	PlaceholderSquare	SpriteRenderer	true	false	0.2,0.34,0.5
Level_04_Citera.unity	Redemoinho/Redemoinho_Anel_3	PlaceholderSquare	SpriteRenderer	true	false	0.1,0.2,0.34
Level_04_Citera.unity	Redemoinho_Centro	PlaceholderSquare	SpriteRenderer	true	false	0.05,0.09,0.16
Level_05_Ciclopes.unity	CiclopesScenery/Cave_Veil_1	PlaceholderSquare	SpriteRenderer	true	true	0.06,0.07,0.07
Level_05_Ciclopes.unity	CiclopesScenery/Cave_Veil_2	PlaceholderSquare	SpriteRenderer	true	true	0.06,0.07,0.07
Level_05_Ciclopes.unity	CiclopesScenery/Bank_Floor_3_Boss	PlaceholderSquare	SpriteRenderer	true	true	0.15294118,0.16470589,0.16078432
Level_05_Ciclopes.unity	Floor_3_Boss	PlaceholderSquare	SpriteRenderer	true	false	0.32,0.3,0.28
Level_05_Ciclopes.unity	Narrow_Rock_2	PlaceholderSquare	SpriteRenderer	true	false	0.4,0.38,0.35
Level_05_Ciclopes.unity	AttackPoint_26	PlaceholderSquare	SpriteRenderer	true	false	0.9,0.15,0.1
Level_05_Ciclopes.unity	Sky_Background	PlaceholderSquare	SpriteRenderer	true	false	0.12,0.12,0.14
Level_05_Ciclopes.unity	Floor_Narrow	PlaceholderSquare	SpriteRenderer	true	false	0.32,0.3,0.28
Level_05_Ciclopes.unity	Floor_4	PlaceholderSquare	SpriteRenderer	true	false	0.32,0.3,0.28
Level_05_Ciclopes.unity	CiclopesScenery/Cave_Backdrop	PlaceholderSquare	SpriteRenderer	true	true	0.15294118,0.16470589,0.16078432
Level_05_Ciclopes.unity	AttackPoint_36	PlaceholderSquare	SpriteRenderer	true	false	0.9,0.15,0.1
Level_05_Ciclopes.unity	Rock_Hop_1	PlaceholderSquare	SpriteRenderer	true	false	0.4,0.38,0.35
Level_05_Ciclopes.unity	CiclopesScenery/Bank_Floor_1	PlaceholderSquare	SpriteRenderer	true	true	0.32941177,0.21960784,0.13725491
Level_05_Ciclopes.unity	CiclopesScenery/Bank_Floor_Narrow	PlaceholderSquare	SpriteRenderer	true	true	0.15294118,0.16470589,0.16078432
Level_05_Ciclopes.unity	CiclopesScenery/Cave_Veil_0	PlaceholderSquare	SpriteRenderer	true	true	0.06,0.07,0.07
Level_05_Ciclopes.unity	CiclopesScenery/Valley_Fill	PlaceholderSquare	SpriteRenderer	true	true	0.32941177,0.21960784,0.13725491
Level_05_Ciclopes.unity	Floor_1	PlaceholderSquare	SpriteRenderer	true	false	0.32,0.3,0.28
Level_05_Ciclopes.unity	Rock_Cover_1	PlaceholderSquare	SpriteRenderer	true	false	0.4,0.38,0.35
Level_05_Ciclopes.unity	CiclopesScenery/Bank_Floor_4	PlaceholderSquare	SpriteRenderer	true	true	0.15294118,0.16470589,0.16078432
Level_05_Ciclopes.unity	Narrow_Rock_1	PlaceholderSquare	SpriteRenderer	true	false	0.4,0.38,0.35
Level_05_Ciclopes.unity	AttackPoint_32	PlaceholderSquare	SpriteRenderer	true	false	0.9,0.15,0.1
Level_05_Ciclopes.unity	ExitGlow	PlaceholderSquare	SpriteRenderer	true	true	1,0.95,0.7
Level_05_Ciclopes.unity	CiclopesScenery/Sky_Fill	PlaceholderSquare	SpriteRenderer	true	true	0.39215687,0.5058824,0.627451
Level_05_Ciclopes.unity	Platform_Ledge	PlaceholderSquare	SpriteRenderer	true	false	0.4,0.38,0.35
Level_05_Ciclopes.unity	CiclopesScenery/Bank_Floor_2	PlaceholderSquare	SpriteRenderer	true	true	0.32941177,0.21960784,0.13725491
Level_05_Ciclopes.unity	Rock_Cover_2	PlaceholderSquare	SpriteRenderer	true	false	0.4,0.38,0.35
Level_05_Ciclopes.unity	Floor_2	PlaceholderSquare	SpriteRenderer	true	false	0.32,0.3,0.28
Level_06_Eolo.unity	MovingPlatform_Gap	PlaceholderSquare	SpriteRenderer	true	false	0.5,0.45,0.35
Level_06_Eolo.unity	EoloScenery/Air_Fill	PlaceholderSquare	SpriteRenderer	true	true	0.39215687,0.5019608,0.627451
Level_06_Eolo.unity	Floor_3b	PlaceholderSquare	SpriteRenderer	true	false	0.5,0.42,0.3
Level_06_Eolo.unity	EoloScenery/Sky_Fill	PlaceholderSquare	SpriteRenderer	true	true	0.14509805,0.2,0.21568628
Level_06_Eolo.unity	Floor_3a	PlaceholderSquare	SpriteRenderer	true	false	0.5,0.42,0.3
Level_06_Eolo.unity	WindBagPickup	PlaceholderSquare	SpriteRenderer	true	false	0.7,0.9,1
Level_06_Eolo.unity	Floor_1	PlaceholderSquare	SpriteRenderer	true	false	0.5,0.42,0.3
Level_06_Eolo.unity	Sky_Background	PlaceholderSquare	SpriteRenderer	true	false	0.55,0.75,0.95
Level_06_Eolo.unity	Rubble	PlaceholderSquare	SpriteRenderer	true	false	0.42,0.38,0.3
Level_06_Eolo.unity	?/Mast	PlaceholderSquare	SpriteRenderer	true	false	0.3,0.2,0.1
Level_06_Eolo.unity	?/Sail	PlaceholderSquare	SpriteRenderer	true	false	0.92,0.9,0.85
Level_06_Eolo.unity	Floor_2	PlaceholderSquare	SpriteRenderer	true	false	0.5,0.42,0.3
Level_06_Eolo.unity	Floor_4	PlaceholderSquare	SpriteRenderer	true	false	0.5,0.42,0.3
Level_07_Lestrigoes.unity	LestrigoesScenery/Bank_2	PlaceholderSquare	SpriteRenderer	true	true	0.22745098,0.23921569,0.23921569
Level_07_Lestrigoes.unity	?/Mast	PlaceholderSquare	SpriteRenderer	true	false	0.3,0.2,0.1
Level_07_Lestrigoes.unity	AttackPoint_19	PlaceholderSquare	SpriteRenderer	true	false	0.9,0.15,0.1
Level_07_Lestrigoes.unity	?/Sail	PlaceholderSquare	SpriteRenderer	true	false	0.92,0.9,0.85
Level_07_Lestrigoes.unity	LestrigoesScenery/Bank_1	PlaceholderSquare	SpriteRenderer	true	true	0.22745098,0.23921569,0.23921569
Level_07_Lestrigoes.unity	LestrigoesScenery/Bank_0	PlaceholderSquare	SpriteRenderer	true	true	0.22745098,0.23921569,0.23921569
Level_07_Lestrigoes.unity	Floor_3	PlaceholderSquare	SpriteRenderer	true	false	0.42,0.36,0.3
Level_07_Lestrigoes.unity	AttackPoint_27	PlaceholderSquare	SpriteRenderer	true	false	0.9,0.15,0.1
Level_07_Lestrigoes.unity	Floor_2	PlaceholderSquare	SpriteRenderer	true	false	0.42,0.36,0.3
Level_07_Lestrigoes.unity	LestrigoesScenery/Valley_Fill	PlaceholderSquare	SpriteRenderer	true	true	0.22745098,0.23921569,0.23921569
Level_07_Lestrigoes.unity	WreckedShip_Background	PlaceholderSquare	SpriteRenderer	true	false	0.3,0.22,0.15
Level_07_Lestrigoes.unity	AttackPoint_13	PlaceholderSquare	SpriteRenderer	true	false	0.9,0.15,0.1
Level_07_Lestrigoes.unity	PursuerHazard	PlaceholderSquare	SpriteRenderer	true	false	0.2,0.15,0.1
Level_07_Lestrigoes.unity	AttackPoint_9	PlaceholderSquare	SpriteRenderer	true	false	0.9,0.15,0.1
Level_07_Lestrigoes.unity	AttackPoint_5	PlaceholderSquare	SpriteRenderer	true	false	0.9,0.15,0.1
Level_07_Lestrigoes.unity	Sky_Background	PlaceholderSquare	SpriteRenderer	true	false	0.35,0.4,0.5
Level_07_Lestrigoes.unity	LestrigoesScenery/Sky_Fill	PlaceholderSquare	SpriteRenderer	true	true	0.6039216,0.6901961,0.7137255
Level_07_Lestrigoes.unity	Floor_1	PlaceholderSquare	SpriteRenderer	true	false	0.42,0.36,0.3
Level_07_Lestrigoes.unity	Obstacle_2	PlaceholderSquare	SpriteRenderer	true	false	0.4,0.38,0.35
Level_07_Lestrigoes.unity	AttackPoint_23	PlaceholderSquare	SpriteRenderer	true	false	0.9,0.15,0.1
Level_07_Lestrigoes.unity	Obstacle_1	PlaceholderSquare	SpriteRenderer	true	false	0.4,0.38,0.35
Level_08_Circe.unity	CirceScenery/Floor_Fill	PlaceholderSquare	SpriteRenderer	true	true	0.14901961,0.09803922,0.08627451
Level_08_Circe.unity	?/MagicGlow	PlaceholderSquare	SpriteRenderer	true	true	0.8,0.5,0.9
Level_08_Circe.unity	Floor_3	PlaceholderSquare	SpriteRenderer	true	false	0.25,0.45,0.25
Level_08_Circe.unity	CirceScenery/Canopy_Fill	PlaceholderSquare	SpriteRenderer	true	true	0.5529412,0.4509804,0.30588236
Level_08_Circe.unity	Floor_2	PlaceholderSquare	SpriteRenderer	true	false	0.25,0.45,0.25
Level_08_Circe.unity	Floor_1	PlaceholderSquare	SpriteRenderer	true	false	0.25,0.45,0.25
Level_08_Circe.unity	Sky_Background	PlaceholderSquare	SpriteRenderer	true	false	0.5,0.7,0.4
Level_08_Circe.unity	CirceScenery/Bank_Floor_1	PlaceholderSquare	SpriteRenderer	true	true	0.14901961,0.09803922,0.08627451
Level_08_Circe.unity	CirceScenery/Bank_Floor_2	PlaceholderSquare	SpriteRenderer	true	true	0.14901961,0.09803922,0.08627451
Level_08_Circe.unity	CirceScenery/Bank_Floor_3	PlaceholderSquare	SpriteRenderer	true	true	0.14901961,0.09803922,0.08627451
Level_08_Circe.unity	MolyHerb	PlaceholderSquare	SpriteRenderer	true	false	0.85,0.95,0.4
Level_09_MundoDosMortos.unity	Floor_2	PlaceholderSquare	SpriteRenderer	true	false	0.3,0.3,0.34
Level_09_MundoDosMortos.unity	Mist_Patch	PlaceholderSquare	SpriteRenderer	true	false	0.75,0.75,0.8
Level_09_MundoDosMortos.unity	Sky_Background	PlaceholderSquare	SpriteRenderer	false	true	0.18,0.18,0.22
Level_09_MundoDosMortos.unity	Mist_Patch	PlaceholderSquare	SpriteRenderer	true	false	0.75,0.75,0.8
Level_09_MundoDosMortos.unity	Mist_Patch	PlaceholderSquare	SpriteRenderer	true	false	0.75,0.75,0.8
Level_09_MundoDosMortos.unity	Floor_1	PlaceholderSquare	SpriteRenderer	true	false	0.3,0.3,0.34
Level_09_MundoDosMortos.unity	MortosScenery/Depth_Fill	PlaceholderSquare	SpriteRenderer	true	true	0.08235294,0.08627451,0.08235294
Level_09_MundoDosMortos.unity	PortalGlow	PlaceholderSquare	SpriteRenderer	true	false	0.6,0.8,1
Level_09_MundoDosMortos.unity	MortosScenery/River_Deep	PlaceholderSquare	SpriteRenderer	true	true	0.06666667,0.12156863,0.05882353
Level_09_MundoDosMortos.unity	Ruin_Decor	PlaceholderSquare	SpriteRenderer	true	false	0.25,0.25,0.28
Level_09_MundoDosMortos.unity	Mist_Patch	PlaceholderSquare	SpriteRenderer	true	false	0.75,0.75,0.8
Level_09_MundoDosMortos.unity	MortosScenery/Bank_1	PlaceholderSquare	SpriteRenderer	true	true	0.08235294,0.08627451,0.08235294
Level_09_MundoDosMortos.unity	Mist_Patch	PlaceholderSquare	SpriteRenderer	true	false	0.75,0.75,0.8
Level_09_MundoDosMortos.unity	MortosScenery/Rock_Fill	PlaceholderSquare	SpriteRenderer	true	true	0.08235294,0.08627451,0.08235294
Level_09_MundoDosMortos.unity	Mist_Patch	PlaceholderSquare	SpriteRenderer	true	false	0.75,0.75,0.8
Level_09_MundoDosMortos.unity	Ruin_Decor	PlaceholderSquare	SpriteRenderer	true	false	0.25,0.25,0.28
Level_09_MundoDosMortos.unity	MortosScenery/Bank_0	PlaceholderSquare	SpriteRenderer	true	true	0.08235294,0.08627451,0.08235294
Level_09_MundoDosMortos.unity	MortosScenery/Bank_2	PlaceholderSquare	SpriteRenderer	true	true	0.08235294,0.08627451,0.08235294
Level_09_MundoDosMortos.unity	Floor_3	PlaceholderSquare	SpriteRenderer	true	false	0.3,0.3,0.34
Level_10_Sereias.unity	SereiasScenery/Bank_Floor_2	PlaceholderSquare	SpriteRenderer	true	true	0.46666667,0.4,0.34117648
Level_10_Sereias.unity	?/Sail	PlaceholderSquare	SpriteRenderer	true	false	0.92,0.9,0.85
Level_10_Sereias.unity	SereiasScenery/Sky_Fill	PlaceholderSquare	SpriteRenderer	true	true	0.9019608,0.87058824,0.7490196
Level_10_Sereias.unity	Floor_2	PlaceholderSquare	SpriteRenderer	true	false	0.45,0.4,0.3
Level_10_Sereias.unity	SereiasScenery/Bank_Floor_1	PlaceholderSquare	SpriteRenderer	true	true	0.46666667,0.4,0.34117648
Level_10_Sereias.unity	SereiasScenery/Bank_Floor_SirenZone	PlaceholderSquare	SpriteRenderer	true	true	0.46666667,0.4,0.34117648
Level_10_Sereias.unity	Floor_1	PlaceholderSquare	SpriteRenderer	true	false	0.45,0.4,0.3
Level_10_Sereias.unity	Sky_Background	PlaceholderSquare	SpriteRenderer	true	false	0.2,0.4,0.6
Level_10_Sereias.unity	Platform_SirenZone	PlaceholderSquare	SpriteRenderer	true	false	0.5,0.45,0.35
Level_10_Sereias.unity	SereiasScenery/Sea_Fill	PlaceholderSquare	SpriteRenderer	true	true	0.23137255,0.4,0.43529412
Level_10_Sereias.unity	MastAnchor	PlaceholderSquare	SpriteRenderer	true	false	0.35,0.25,0.15
Level_10_Sereias.unity	Floor_SirenZone	PlaceholderSquare	SpriteRenderer	true	false	0.45,0.4,0.3
Level_10_Sereias.unity	?/Mast	PlaceholderSquare	SpriteRenderer	true	false	0.3,0.2,0.1
Level_11_CilaCaribdis.unity	AttackPoint_9	PlaceholderSquare	SpriteRenderer	true	false	0.9,0.15,0.1
Level_11_CilaCaribdis.unity	?/Sail	PlaceholderSquare	SpriteRenderer	true	false	0.92,0.9,0.85
Level_11_CilaCaribdis.unity	?/Mast	PlaceholderSquare	SpriteRenderer	true	false	0.3,0.2,0.1
Level_11_CilaCaribdis.unity	Floor_1	PlaceholderSquare	SpriteRenderer	true	false	0.3,0.32,0.38
Level_11_CilaCaribdis.unity	AttackPoint_6	PlaceholderSquare	SpriteRenderer	true	false	0.9,0.15,0.1
Level_11_CilaCaribdis.unity	CilaCaribdisScenery/Deep_Fill	PlaceholderSquare	SpriteRenderer	true	true	0.03137255,0.11764706,0.11372549
Level_11_CilaCaribdis.unity	Island_2	PlaceholderSquare	SpriteRenderer	true	false	0.3,0.32,0.38
Level_11_CilaCaribdis.unity	CilaCaribdisScenery/Sky_Fill	PlaceholderSquare	SpriteRenderer	true	true	0.5176471,0.4862745,0.46666667
Level_11_CilaCaribdis.unity	Island_4	PlaceholderSquare	SpriteRenderer	true	false	0.3,0.32,0.38
Level_11_CilaCaribdis.unity	TidalHazard	PlaceholderSquare	SpriteRenderer	true	false	0.2,0.5,0.7
Level_11_CilaCaribdis.unity	TidalHazard	PlaceholderSquare	SpriteRenderer	true	false	0.2,0.5,0.7
Level_11_CilaCaribdis.unity	Sky_Background	PlaceholderSquare	SpriteRenderer	true	false	0.12,0.2,0.3
Level_11_CilaCaribdis.unity	Island_1	PlaceholderSquare	SpriteRenderer	true	false	0.3,0.32,0.38
Level_11_CilaCaribdis.unity	Floor_3	PlaceholderSquare	SpriteRenderer	true	false	0.3,0.32,0.38
Level_11_CilaCaribdis.unity	Island_3	PlaceholderSquare	SpriteRenderer	true	false	0.3,0.32,0.38
Level_11_CilaCaribdis.unity	AttackPoint_3	PlaceholderSquare	SpriteRenderer	true	false	0.9,0.15,0.1
Level_12_GadoDoSol.unity	RationPickup	PlaceholderSquare	SpriteRenderer	true	false	0.6,0.8,0.4
Level_12_GadoDoSol.unity	Sky_Background	PlaceholderSquare	SpriteRenderer	true	false	0.9,0.7,0.3
Level_12_GadoDoSol.unity	?/Mast	PlaceholderSquare	SpriteRenderer	true	false	0.3,0.2,0.1
Level_12_GadoDoSol.unity	?/Sail	PlaceholderSquare	SpriteRenderer	true	false	0.92,0.9,0.85
Level_12_GadoDoSol.unity	Floor_3	PlaceholderSquare	SpriteRenderer	true	false	0.5,0.45,0.25
Level_12_GadoDoSol.unity	RationPickup	PlaceholderSquare	SpriteRenderer	true	false	0.6,0.8,0.4
Level_12_GadoDoSol.unity	Floor_1	PlaceholderSquare	SpriteRenderer	true	false	0.5,0.45,0.25
Level_12_GadoDoSol.unity	GadoDoSolScenery/Ground_Fill	PlaceholderSquare	SpriteRenderer	true	true	0.3019608,0.19215687,0.21568628
Level_12_GadoDoSol.unity	Floor_2	PlaceholderSquare	SpriteRenderer	true	false	0.5,0.45,0.25
Level_12_GadoDoSol.unity	GadoDoSolScenery/Sky_Fill	PlaceholderSquare	SpriteRenderer	true	true	0.42745098,0.6862745,0.81960785
Level_13_Calipso.unity	CalipsoScenery/Sky_Fill	PlaceholderSquare	SpriteRenderer	true	true	0.73333335,0.6,0.36862746
Level_13_Calipso.unity	Floor_3	PlaceholderSquare	SpriteRenderer	true	false	0.75,0.65,0.35
Level_13_Calipso.unity	Platform_Grove	PlaceholderSquare	SpriteRenderer	true	false	0.4,0.7,0.35
Level_13_Calipso.unity	CalipsoScenery/Ground_Fill	PlaceholderSquare	SpriteRenderer	true	true	0.3647059,0.2509804,0.24313726
Level_13_Calipso.unity	Floor_1	PlaceholderSquare	SpriteRenderer	true	false	0.75,0.65,0.35
Level_13_Calipso.unity	Floor_2	PlaceholderSquare	SpriteRenderer	true	false	0.75,0.65,0.35
Level_13_Calipso.unity	Sky_Background	PlaceholderSquare	SpriteRenderer	true	false	0.55,0.8,0.95
Level_14_Itaca_Return.unity	Floor_1	PlaceholderSquare	SpriteRenderer	true	false	0.45,0.5,0.3
Level_14_Itaca_Return.unity	ItacaReturnScenery/Sky_Fill	PlaceholderSquare	SpriteRenderer	true	true	0.6,0.64705884,0.5764706
Level_14_Itaca_Return.unity	?/Roof	PlaceholderSquare	SpriteRenderer	true	false	0.35,0.22,0.12
Level_14_Itaca_Return.unity	Sky_Background	PlaceholderSquare	SpriteRenderer	true	false	0.6,0.8,0.9
Level_14_Itaca_Return.unity	Floor_2	PlaceholderSquare	SpriteRenderer	true	false	0.45,0.5,0.3
Level_14_Itaca_Return.unity	Floor_3	PlaceholderSquare	SpriteRenderer	true	false	0.45,0.5,0.3
Level_14_Itaca_Return.unity	ItacaReturnScenery/Ground_Fill	PlaceholderSquare	SpriteRenderer	true	true	0.41960785,0.3647059,0.30588236
Level_15_Pretendentes.unity	Floor_3_Hall	PlaceholderSquare	SpriteRenderer	true	false	0.5,0.42,0.3
Level_15_Pretendentes.unity	Sky_Background	PlaceholderSquare	SpriteRenderer	true	false	0.35,0.3,0.25
Level_15_Pretendentes.unity	Floor_2	PlaceholderSquare	SpriteRenderer	true	false	0.55,0.5,0.4
Level_15_Pretendentes.unity	Floor_1	PlaceholderSquare	SpriteRenderer	true	false	0.55,0.5,0.4
Level_15_Pretendentes.unity	PretendentesScenery/Ground_Fill	PlaceholderSquare	SpriteRenderer	true	true	0.24313726,0.22745098,0.2
Level_15_Pretendentes.unity	PretendentesScenery/Sky_Fill	PlaceholderSquare	SpriteRenderer	true	true	0.21600002,0.25882354,0.3458824
Level_15_Pretendentes.unity	PretendentesScenery/Hall_Ceiling	PlaceholderSquare	SpriteRenderer	true	true	0.05882353,0.06666667,0.09411765
Level_16_Final.unity	AxeRing_10	PlaceholderSquare	SpriteRenderer	true	true	0.6,0.6,0.65
Level_16_Final.unity	AxeRing_26	PlaceholderSquare	SpriteRenderer	true	true	0.6,0.6,0.65
Level_16_Final.unity	Floor_1	PlaceholderSquare	SpriteRenderer	true	true	0.6,0.52,0.3
Level_16_Final.unity	AxeRing_18	PlaceholderSquare	SpriteRenderer	true	true	0.6,0.6,0.65
Level_16_Final.unity	AxeRing_34	PlaceholderSquare	SpriteRenderer	true	true	0.6,0.6,0.65
Level_16_Final.unity	Sky_Background	PlaceholderSquare	SpriteRenderer	true	true	0.8,0.7,0.4
Level_16_Final.unity	Floor_2	PlaceholderSquare	SpriteRenderer	true	true	0.6,0.52,0.3
Ending.unity	Ground_Background	PlaceholderSquare	SpriteRenderer	true	true	0.75,0.65,0.4
Ending.unity	Telemaco/Body	PlaceholderSquare	SpriteRenderer	true	true	0.3,0.4,0.6
Ending.unity	Penelope/Head	PlaceholderSquare	SpriteRenderer	true	true	0.9,0.75,0.6
Ending.unity	Sky_Background	PlaceholderSquare	SpriteRenderer	true	true	0.95,0.75,0.45
Ending.unity	Penelope/Body	PlaceholderSquare	SpriteRenderer	true	true	0.7,0.5,0.7
Ending.unity	Odisseu/Head	PlaceholderSquare	SpriteRenderer	true	true	0.9,0.75,0.6
Ending.unity	Odisseu/Body	PlaceholderSquare	SpriteRenderer	true	true	0.55,0.35,0.2
Ending.unity	Telemaco/Head	PlaceholderSquare	SpriteRenderer	true	true	0.9,0.75,0.6
WorldMap.unity	Player/Visual	PlaceholderSquare	SpriteRenderer	true	true	0.95,0.85,0.55
Level_03_Lotofagos.unity	Floor_4	PlaceholderSquare	SpriteRenderer	true	true	0.6,0.3,0.55
Level_03_Lotofagos.unity	?/Flag	PlaceholderSquare	SpriteRenderer	true	true	1,0.9,0.3
Level_03_Lotofagos.unity	Floor_3_LotusZone	PlaceholderSquare	SpriteRenderer	true	true	0.75,0.35,0.6
Level_03_Lotofagos.unity	Floor_1	PlaceholderSquare	SpriteRenderer	true	true	0.55,0.25,0.55
Level_03_Lotofagos.unity	Floor_2	PlaceholderSquare	SpriteRenderer	true	true	0.6,0.3,0.55
Level_03_Lotofagos.unity	Sky_Background	PlaceholderSquare	SpriteRenderer	false	true	0.8,0.55,0.85
Level_13_Feacios.unity	Floor_1	PlaceholderSquare	SpriteRenderer	true	true	0.7,0.65,0.55
Level_13_Feacios.unity	Pillar_Decor	PlaceholderSquare	SpriteRenderer	true	true	0.9,0.88,0.75
Level_13_Feacios.unity	Floor_2	PlaceholderSquare	SpriteRenderer	true	true	0.7,0.65,0.55
Level_13_Feacios.unity	?/Mast	PlaceholderSquare	SpriteRenderer	true	true	0.4,0.3,0.1
Level_13_Feacios.unity	?/Sail	PlaceholderSquare	SpriteRenderer	true	true	0.95,0.9,0.7
Level_13_Feacios.unity	Sky_Background	PlaceholderSquare	SpriteRenderer	true	true	0.7,0.85,0.95
Level_13_Feacios.unity	Pillar_Decor	PlaceholderSquare	SpriteRenderer	true	true	0.9,0.88,0.75
Level_13_Feacios.unity	Floor_3	PlaceholderSquare	SpriteRenderer	true	true	0.7,0.65,0.55
